s腹,ga跋q旄m,ga簿锣笨nキよそへ,ㄏノだ跋┪sw
RPQOMLMJJIKFFAD07CA,Owq,79.00,常カG坝
RPQOMLMJJIKFFAD07CA,Owq,8.00,常カG坝
RPPNMLNJJIKFFAD96CA,Θq,30.07,常カGㄤL
RPTNMLNJJIKFFAD37CA,W笏袷q,109.00,常カG
RPVNMLNJJIKFFAD57CA,[惮q,4.25,常カG坝
RPUOMLNJJIKFFAD57CA,乜超q,17.33,常カG坝
RPOOMLOJJIKFFAD07CA,鞯噩q,5.37,常カG
RPQNMLPJJIKFFAD27CA,鞯噩q,2.92,常カG坝
RPRNMLPJJIKFFAD37CA,ミHq,7.72,常カGㄤL
RPRNMLPJJIKFFAD37CA,ミHq,1.01,常カG坝
RPRNMLQJJIKFFAD47CA,そ堕q,4.00,常カGㄤL
RPRNMLQJJIKFFAD47CA,そ堕q,19.00,常カG坝
RPRNMLQJJIKFFAD47CA,そ堕q,3.00,常カGㄤL
RPRNMLQJJIKFFAD47CA,そ堕q,11.00,常カGㄤL
RPRNMLQJJIKFFAD47CA,そ堕q,1.00,常カG坝
RPRNMLQJJIKFFAD47CA,そ堕q,39.00,常カG坝
RPRNMLQJJIKFFAD47CA,そ堕q,1.00,常カGㄤL
RPSNMLQJJIKFFAD57CA,鞯噩q,5.52,常カG坝
RPWNMLQJJIKFFAD97CA,snq,28.97,常カG
RPWPMLLKJIKFFAD77CA,snq,25.67,常カG
RPXPMLLKJIKFFAD87CA,snq,35.04,常カG
RPOQMLLKJIKFFAD07CA,snq,26.49,常カG
RPPQMLLKJIKFFAD17CA,snq,34.23,常カG
RPQQMLLKJIKFFAD27CA,snq,26.08,常カG
RPRQMLLKJIKFFAD37CA,snq,26.08,常カG
RPSQMLLKJIKFFAD47CA,snq,33.42,常カG
RPTQMLLKJIKFFAD57CA,snq,24.86,常カG
RPUQMLLKJIKFFAD67CA,snq,24.86,常カG
RPVQMLLKJIKFFAD77CA,snq,26.08,常カG
RPWQMLLKJIKFFAD87CA,snq,25.67,常カG
RPXQMLLKJIKFFAD97CA,snq,34.23,常カG
RPORMLLKJIKFFAD17CA,snq,34.23,常カG
RPPRMLLKJIKFFAD27CA,snq,25.67,常カG
RPQRMLLKJIKFFAD37CA,snq,25.67,常カG
RPRRMLLKJIKFFAD47CA,snq,25.67,常カG
RPSRMLLKJIKFFAD57CA,snq,34.23,常カG
RPTRMLLKJIKFFAD67CA,snq,26.08,常カG
RPTRMLLKJIKFFAD67CA,snq,26.08,常カG
RPUOMLTJJIKFFAD18CA,鞯噩q,7.07,常カG
RPUOMLTJJIKFFAD18CA,鞯噩q,6.81,常カG
RPVNMLOJJIKFFAD67CA,鞯噩q,62.50,常カG
RPRNMLLKJIKFFAD07CA,鞯噩q,104.00,常カG
RPSNMLQKJIKFFAD67CA,n圭q,2.22,常カG坝
RPPOMLNKJIKFFAD17CA,n圭q,2.22,常カG坝
RPTPMLOLJIKFFAD87CA,地砍q,55.64,常カG
RPSQMLOLJIKFFAD87CA,地砍q,56.31,常カG
RPOOMLNJJIKFFBD07CA,M~q,10.66,常カGu
RPPOMLNJJIKFFBD17CA,M~q,11.36,常カGu
RPPNMLPJJIKFFBD27CA,瓣wq,582.41,常カG
RPQNMLPJJIKFFBD37CA,s抖q,101.39,常カG
RPWNMLQJJIKFFBD08CA,匪郴q,92.00,常カG
RPTNMLMKJIKFFBD47CA,绰蝇q,107.71,常カG
RPOPMLRKJIKFFBD67CA,瓣wq,272.03,常カG
RPSNMLKLJIKFFBD27CA,n砍q,77.26,常カG
RPSNMLKLJIKFFBD27CA,n砍q,15.41,常カG
RPOOMLOLJIKFFBD37CA,eq,101.26,常カG
RPPNMLSLJIKFFBD77CA,w璎q,170.12,常カG
RPQNMLLJKIKFFBD07CA,w璎q,97.56,常カG
RPRNMLLJKIKFFBD17CA,Fq,84.34,常カG
RPSNMLOJJIKFFCD57CA,QLq,.12,常カG
RPSNMLOJJIKFFCD57CA,n地q,37.50,常カG
RPSNMLPJJIKFFCD67CA,s砍q,13.43,常カG
RPXNMLQJJIKFFCD28CA,s砍q,13.23,常カG
RPVNMLRKJIKFFCD28CA,QLq,19.50,常カG
RPVNMLRKJIKFFCD28CA,QLq,7.70,常カG
RPRNMLLLJIKFFCD37CA,肝Fq,226.29,常カG
RPTOMLMJJIKFFAR78CA,sチq,8.76,常カG
RPTOMLMJJIKFFAR78CA,sチq,8.98,常カG
RPRNMLNJJIKFFAR58CA,jJLq,185.00,D常カGm跋 ; D常カswGA贺乜vノa
RPRNMLNJJIKFFAR58CA,jJLq,16.00,D常カGm跋 ; D常カswGA贺乜vノa
RPUNMLMJJIKFFBR88CA,榜lYqきXYpq,3000.00,D常カG@牍A~跋 ; D常カswGAノa
RPUNMLMJJIKFFBR88CA,T哼打qれjdpq,1363.00,D常カG@牍A~跋 ; D常カswGAノa
RPUNMLMJJIKFFBR88CA,T哼打qれjdpq,2730.00,D常カG@牍A~跋 ; D常カswGAノa
RPUNMLMJJIKFFBR88CA,榜lYqきXYpq,3353.00,D常カG@牍A~跋 ; D常カswGAノa
RPUNMLMJJIKFFBR88CA,榜lYqきXYpq,5696.00,D常カG@牍A~跋 ; D常カswGAノa
RPUNMLMJJIKFFBR88CA,榜lYqきXYpq,5696.00,D常カG@牍A~跋 ; D常カswGAノa
RPPNMLNJJIKFFBR48CA,sFq,57.61,D常カGSwA~跋 ; D常カswGヒ贺乜vノa
RPRNMLNJJIKFFBR68CA,@wq,1222.00,D常カGSwA~跋 ; D常カswGAノa
RPRNMLNJJIKFFBR68CA,@wq,1815.00,D常カG ; D常カswG
RPRNMLOJJIKFFBR78CA,郴いq,107.24,D常カGm跋 ; D常カswGA贺乜vノa
RPPNMLTJJIKFFCR56CA,せヒq,2309.00,D常カGSwA~跋 ; D常カswGAノa
RPQNMLLKJIKFFCR58CA,Qせヒq,.92,常カGㄤL
RPQNMLLKJIKFFCR58CA,Qせヒq,1.76,常カGㄤL
RPQNMLLKJIKFFCR58CA,Qせヒq,.92,常カGㄤL
RPQNMLLKJIKFFCR58CA,Qせヒq,5.06,常カG
RPQNMLLKJIKFFCR58CA,Qせヒq,5.82,常カG
RPQNMLLKJIKFFCR58CA,Qせヒq,100.00,常カG
RPQNMLLKJIKFFCR58CA,Qせヒq,1.50,常カGㄤL
RPXNMLRKJIKFFCR27CA,躲Yq,1.00,D常カGm跋 ; D常カswGA贺乜vノa
RPXNMLRKJIKFFCR27CA,躲Yq,514.00,D常カGm跋 ; D常カswGA贺乜vノa
RPQNMLTKJIKFFCR76CA,G马qG马pq,113.00,常カG
RPOOMLNJJIKFFDR68CA,_ゅq,52.06,常カG
RPOOMLNJJIKFFDR68CA,_ゅq,2.27,常カG
RPPOMLNJJIKFFDR78CA,古鳜q,2046.00,D常カGSwA~跋 ; D常カswGAノa
RPRNMLOJJIKFFDR98CA,ゅてq,76.69,D常カGm跋 ; D常カswGA贺乜vノa
RPSNMLTJJIKFFDR96CA,い枷q,140.25,D常カGSwA~跋 ; D常カswGAノa
RPSNMLTJJIKFFDR96CA,い枷q,739.00,D常カGSwA~跋 ; D常カswGAノa
RPOOMLTJJIKFFDR66CA,j扼dq,1351.00,D常カGSwA~跋 ; D常カswGAノa
RPUNMLLKJIKFFER56CA,s_q,72.47,常カG
RPUNMLLKJIKFFER56CA,s_q,16.83,常カG
RPWNMLKKJIKFFER66CA,fldq,13.00,D常カGSwA~跋 ; D常カswGユqノa
RPSNMLRKJIKFFER96CA,Hqq,17.01,常カG
RPTNMLRKJIKFFER07CA,Hqq,11.91,常カG
RPVNMLRKJIKFFER27CA,Hqq,42.52,常カG
RPXNMLRKJIKFFER47CA,Hqq,11.91,常カG
RPPNMLMLJIKFFER88CA,W柑q,1.57,D常カGSwA~跋 ; D常カswGAノa
RPQNMLNJJIKFFFR98CA,Gq,114.04,常カGu
RPTOMLMKJIKFFFR76CA,X[q,13.08,常カG
RPTOMLMKJIKFFFR76CA,X[q,63.13,常カG
RPTOMLMKJIKFFFR76CA,X[q,3.17,常カG
RPTOMLMKJIKFFFR76CA,X[q,24.75,常カGA
RPUOMLMKJIKFFFR86CA,X[q,13.08,常カG
RPUOMLMKJIKFFFR86CA,X[q,63.10,常カG
RPUOMLMKJIKFFFR86CA,X[q,3.17,常カG
RPUOMLMKJIKFFFR86CA,X[q,80.60,常カGA
RPUNMLQLJIKFFFR27CA,砍q,85.43,常カG
RPUNMLQLJIKFFFR27CA,砍q,6.43,常カG
RPPNMLPJJIKFFGR56CA,tうq,9321.00,D常カGsYaO|跋 ; D常カswGAノa
RPTPMLPJJIKFFHR27CA,郾jq,17.26,常カG
RPPNMLRJJIKFFHR86CA,Q娆q,20.40,常カG
RPTNMLKLJIKFFHR76CA,ッMq,113.38,常カGㄤL
RPTNMLKLJIKFFHR76CA,ッMq,46.28,常カGㄤL
RPTNMLKLJIKFFHR76CA,ッMq,43.42,常カGㄤL
RPUNMLKLJIKFFHR86CA,ッMq,46.28,常カGㄤL
RPUNMLKLJIKFFHR86CA,ッMq,43.42,常カGㄤL
RPRNMLLLJIKFFHR66CA,Θ\q,178.08,常カG
RPTOMLQLJIKFFHR47CA,せXq,12.38,常カG
RPTOMLMJJIKFFAD47DA,ミHq,.08,常カG
RPPNMLNLJIKFFAR68DA,saq,66.06,常カG
RPPNMLNLJIKFFAR68DA,saq,6.59,常カG
RPPNMLNLJIKFFAR68DA,saq,5.43,常カG
RPPNMLNLJIKFFAR68DA,saq,4.81,常カG
RPPNMLNLJIKFFAR68DA,saq,28.79,常カG
RPPNMLNLJIKFFAR68DA,saq,2.76,常カG
RPPNMLNLJIKFFAR68DA,saq,14.95,常カG
RPVNMLMJJIKFFDR66DA,ゅてq,83.10,D常カGm跋 ; D常カswGA贺乜vノa
RPQNMLQJJIKFFDR56DA,fldq,706.00,D常カGSwA~跋 ; D常カswGAノa
RPQNMLQJJIKFFDR56DA,fldq,1285.00,D常カGSwA~跋 ; D常カswGAノa
RPTNMLMJKIKFFER66DA,ッwq,5.84,常カG
RPUNMLMJKIKFFER76DA,ッwq,5.17,常カG
RPTNMLNJJIKFFFR76DA,洱qq@pq,2117.00,D常カGSwA~跋 ; D常カswGAノa
RPXOMLOJJIKFFHR57DA,讣阚兼q,40.00,常カG
RPVNMLQJJIKFFHR47DA,jWq,8.13,常カG
RPTNMLOJJIKFFCD87EA,尺_q,4.91,常カGㄤL
RPTNMLOJJIKFFCD87EA,尺_q,11.33,常カGㄤL
RPTNMLOJJIKFFCD87EA,尺_q,.26,常カGㄤL
RPTNMLOJJIKFFCD87EA,尺_q,96.20,常カGㄤL
RPXNMLOJJIKFFCD28EA,λt憩q,105.00,常カG
RPSNMLMJJIKFFFR66EA,T郴q,1203.00,D常カGsYaO|跋 ; D常カswGAノa
RPSNMLMJJIKFFFR66EA,T郴q,359.00,D常カGsYaO|跋 ; D常カswGAノa
RPPOMLQJJIKFFCD77EA,λt憩q,44.00,常カG
RPPOMLQJJIKFFCD77EA,λt憩q,4.50,常カGㄤL
RPPOMLQJJIKFFCD77EA,λt憩q,1.00,常カGㄤL
RPWNMLPJJIKFFHR47DA,瓒宅q,68.00,常カG
RPWNMLPJJIKFFHR47DA,瓒宅q,1.68,常カG
RPWNMLPJJIKFFHR47DA,瓒宅q,.27,常カG
RPPNMLPJJIKFFCR88DA,w~q,1999.00,D常カGSwA~跋 ; D常カswGAノa
RPPNMLPJJIKFFCR88DA,w~q,306.00,D常カGSwA~跋 ; D常カswG臾Qノa
RPPNMLPJJIKFFCR88DA,w~q,7150.00,D常カGSwA~跋 ; D常カswGAノa
RPPNMLPJJIKFFCR88DA,w~q,78.00,D常カGSwA~跋 ; D常カswGユqノa
RPWNMLOJJIKFFBR76DA,wq,1200.00,D常カGSwA~跋 ; D常カswGAノa
RPWNMLOJJIKFFAD87DA,鞯噩q,4.44,常カG坝
RPPOMLOJJIKFFAD27DA,d贾q,3.25,常カG坝
RPVOMLMJKIKFFHR17CA,ッMq,15.68,常カG坝
RPXOMLMJKIKFFHR37CA,ッMq,19.48,常カG坝
RPQNMLRJKIKFFHR07CA,ッMq,27.76,常カG坝
RPSNMLKKJIKFFCD37DA,Ijq,63.50,常カG
RPPNMLOJJIKFFAR58DA,s犁q,10.63,常カG
RPQNMLOJJIKFFAR68DA,s犁q,29.61,常カG
RPRNMLTJJIKFFBR76DA,T哼打qれjdpq,12706.00,D常カG@牍A~跋 ; D常カswGAノa
RPQNMLKMJIKFFHR56CA,讣阚兼q,17.89,常カG
RPVOMLLKJIKFFHR07CA,jWq,90.00,常カG
RPQOMLMKJIKFFHR66CA,ッGq,10.40,常カG
RPQOMLMKJIKFFHR66CA,ッGq,196.41,常カGㄤL
RPRNMLOKJIKFFHR86CA,Gq,13.21,常カG
RPUNMLOJJIKFFGR96CA,蚋tq,2.09,常カGu
RPUNMLOJJIKFFGR96CA,蚋tq,447.02,常カGu
RPXPMLPJJIKFFHR67CA,F爵q,19.98,常カGu
RPWNMLQJJIKFFHR47CA,nsq,.17,常カG
RPWNMLQJJIKFFHR47CA,nsq,4.91,常カG
RPXNMLQJJIKFFHR57CA,郴璎q,26.46,常カGA
RPPNMLQJJIKFFGR66CA,TMq,124.30,D常カGm跋 ; D常カswGA贺乜vノa
RPUNMLOJJIKFFHR07CA,タjq,6.24,常カG
RPUNMLOJJIKFFHR07CA,タjq,74.87,常カG
RPROMLOJJIKFFHR86CA,せヒ郴q,62.00,常カG
RPOPMLOJJIKFFHR66CA,讣阚兼q,101.00,常カG
RPQNMLPJJIKFFHR76CA,Qいq,7.00,常カG
RPTNMLPJJIKFFHR07CA,せヒ郴q,99.00,常カG
RPWOMLPJJIKFFHR47CA,Oネq,9.69,常カG
RPUNMLRLJIKFFFR37CA,哎q,15.19,常カG
RPUNMLRLJIKFFFR37CA,哎q,.93,常カG
RPUNMLRLJIKFFFR37CA,哎q,64.16,常カG
RPUNMLQKJIKFFFR17CA,びlq,90.30,常カG
RPUNMLQKJIKFFFR17CA,びlq,19.93,常カGㄤL
RPOOMLMKJIKFFFR88CA,X[q,91.93,常カG
RPOOMLMKJIKFFFR88CA,X[q,13.08,常カG
RPOOMLMKJIKFFFR88CA,X[q,3.17,常カG
RPPOMLMKJIKFFFR98CA,X[q,82.74,常カG
RPPOMLMKJIKFFFR98CA,X[q,13.08,常カG
RPPOMLMKJIKFFFR98CA,X[q,3.17,常カG
RPROMLMKJIKFFFR56CA,X[q,82.74,常カG
RPROMLMKJIKFFFR56CA,X[q,13.08,常カG
RPROMLMKJIKFFFR56CA,X[q,3.17,常カG
RPSOMLMKJIKFFFR66CA,X[q,82.74,常カG
RPSOMLMKJIKFFFR66CA,X[q,13.08,常カG
RPSOMLMKJIKFFFR66CA,X[q,3.17,常カG
RPPNMLOJJIKFFFR98CA,ó隔Yq,2656.00,常カGA
RPOOMLOJJIKFFFR98CA,いタq,21.08,常カG
RPXNMLTJJIKFFFR67CA,kくnq,35.89,D常カG@牍A~跋 ; D常カswGAノa
RPXNMLTJJIKFFFR67CA,kくnq,5.80,D常カG@牍A~跋 ; D常カswG臾Qノa
RPQNMLKKJIKFFFR78CA,t}q,207.00,D常カG@牍A~跋 ; D常カswGAノa
RPQNMLKKJIKFFFR78CA,t}q,646.00,D常カG@牍A~跋 ; D常カswGAノa
RPTNMLLKJIKFFER09CA,s_q,16.83,常カG
RPTNMLLKJIKFFER09CA,s_q,73.09,常カG
RPWNMLQLJIKFFDR27CA,Nxq,1411.00,D常カGSwA~跋 ; D常カswGAノa
RPQNMLPJJIKFFER09CA,到sq,168.75,常カG
RPQNMLPJJIKFFER09CA,到sq,8.43,常カG
RPQNMLPJJIKFFER09CA,到sq,7.39,常カG
RPOPMLPJJIKFFER09CA,D份q,1006.00,D常カGSwA~跋 ; D常カswGAノa
RPOPMLPJJIKFFER09CA,D份q,1006.00,D常カGSwA~跋 ; D常カswGAノa
RPUNMLKKJIKFFDR98CA,い{q,1774.00,D常カGSwA~跋 ; D常カswGAノa
RPUNMLNLJIKFFCR66CA,瓣いq,97.50,常カG
RPUNMLNLJIKFFCR66CA,瓣いq,19.69,常カG
RPTNMLQKJIKFFCR76CA,T翠Юq,107.50,D常カGm跋 ; D常カswGA贺乜vノa
RPTNMLQKJIKFFCR76CA,T翠Юq,64.00,D常カGm跋 ; D常カswGA贺乜vノa
RPTNMLOJJIKFFCR09CA,┺lLq,161.67,D常カG@牍A~跋 ; D常カswGAノa
RPTNMLOJJIKFFCR09CA,┺lLq,345.00,D常カG@牍A~跋 ; D常カswGAノa
RPTNMLOJJIKFFCR09CA,┺lLq,376.33,D常カG@牍A~跋 ; D常カswGAノa
RPTNMLOJJIKFFCR09CA,┺lLq,347.83,D常カG@牍A~跋 ; D常カswGAノa
RPTNMLOJJIKFFCR09CA,┺lLq,1737.67,D常カG@牍A~跋 ; D常カswGAノa
RPUNMLOJJIKFFBR09CA,λsq,78.40,D常カGm跋 ; D常カswGユqノa
RPUNMLOJJIKFFBR09CA,λsq,915.25,D常カGm跋 ; D常カswGA贺乜vノa
RPRNMLPJJIKFFBR88CA,TlYq,208.00,D常カGsYaO|跋 ; D常カswGL~ノa
RPRNMLPJJIKFFBR88CA,TlYq,217.95,D常カGsYaO|跋 ; D常カswGL~ノa
RPPNMLOJJIKFFBR58CA,ド伦q,114.45,D常カGm跋 ; D常カswGA贺乜vノa
RPRNMLLKJIKFFAR48CA,h份q,71.00,D常カGm跋 ; D常カswGA贺乜vノa
RPRNMLLKJIKFFAR48CA,h份q,17.27,D常カGm跋 ; D常カswGA贺乜vノa
RPOPMLMJKIKFFCD27CA,ssq,2.54,常カG
RPOPMLMJKIKFFCD27CA,ssq,.91,常カG
RPSNMLQKJIKFFAR09CA,F砍q,8.20,常カGㄤL
RPQNMLLLJIKFFCD27CA,そ^q,23.08,常カG
RPQNMLLLJIKFFCD27CA,そ^q,.28,常カGㄤL
RPSNMLOLJIKFFCD77CA,λt憩q,11.79,常カG
RPSQMLPLJIKFFCD18CA,肝Fq,149.96,常カG
RPPNMLKMJIKFFCD17CA,そ^q,35.75,常カG
RPSNMLKMJIKFFCD47CA,QLq,19.84,常カG
RPSNMLKMJIKFFCD47CA,QLq,1.78,常カG
RPSNMLKMJIKFFCD47CA,QLq,1.73,常カG
RPSNMLKMJIKFFCD47CA,QLq,1.81,常カG
RPSNMLKMJIKFFCD47CA,QLq,102.00,常カG
RPPOMLSKJIKFFCD87CA,w蔼q,71.00,常カG
RPPOMLSKJIKFFCD87CA,w蔼q,12.00,常カGㄤL
RPRNMLRJJIKFFCD77CA,タqq,79.55,常カG
RPPNMLTJJIKFFCD77CA,jPq,16.66,常カG
RPUOMLPJJIKFFCD97CA,くMq,21.43,常カG
RPPOMLKKJIKFFCD07CA,戋兰dq,9.84,常カG
RPOOMLOJJIKFFCD27CA,QLq,29.75,常カG
RPUNMLNJJIKFFCD67CA,QLq,59.30,常カG
RPRNMLOJJIKFFCD47CA,jPq,88.44,常カG坝
RPXOMLRKJIKFFBD48CA,瓣wq,1237.67,常カG
RPUNMLRLJIKFFBD18CA,wq,77.31,常カG
RPOOMLTKJIKFFBD77CA,匪みq,102.03,常カG
RPPOMLTKJIKFFBD87CA,匪みq,75.68,常カG
RPPOMLTKJIKFFBD87CA,匪みq,17.56,常カG
RPSNMLQKJIKFFBD77CA,瓣wq,3202.39,常カG
RPPNMLRKJIKFFBD57CA,瓣wq,2395.18,常カG
RPQNMLRKJIKFFBD67CA,瓣wq,4385.42,常カG
RPRNMLRKJIKFFBD77CA,瓣wq,1000.01,常カG
RPQOMLRKJIKFFBD77CA,MAq,1983.50,常カGA
RPWNMLPJJIKFFBD97CA,郴wq,80.62,常カG
RPROMLPJJIKFFBD57CA,马wq,83.13,常カG
RPROMLPJJIKFFBD57CA,马wq,35.34,常カG
RPROMLPJJIKFFBD57CA,马wq,.29,常カGㄤL
RPPQMLOLJIKFFAD57CA,地砍q,60.80,常カG
RPQQMLOLJIKFFAD67CA,地砍q,60.80,常カG
RPTNMLQLJIKFFAD87CA,Ixq,.02,常カG
RPTNMLQLJIKFFAD87CA,Ixq,16.21,常カG
RPTNMLQLJIKFFAD87CA,Ixq,.05,常カG
RPUOMLNLJIKFFAD77CA,snq,124.17,常カG
RPWOMLOLJIKFFAD08CA,くRq,64.00,常カG坝
RPQPMLOLJIKFFAD57CA,地砍q,60.80,常カG
RPSOMLTKJIKFFAD08CA,snq,120.83,常カG
RPTOMLNKJIKFFAD57CA,pq,44.31,常カG
RPXNMLOJJIKFFAD87CA,p_q,102.19,常カG
RPSNMLMKJIKFFAD27CA,n圭q,2.70,常カG坝
RPWRMLLKJIKFFAD97CA,snq,26.49,常カG
RPXRMLLKJIKFFAD08CA,snq,34.23,常カG
RPOSMLLKJIKFFAD27CA,snq,26.49,常カG
RPPSMLLKJIKFFAD37CA,snq,60.72,常カG
RPQSMLLKJIKFFAD47CA,snq,13.85,常カG
RPQSMLLKJIKFFAD47CA,snq,13.45,常カG
RPPNMLRJJIKFFAD37CA,F砍q,34.00,常カG
RPPNMLRJJIKFFAD37CA,F砍q,34.00,常カG
RPUOMLPJJIKFFAD77CA,藉q,91.48,常カG
RPUOMLPJJIKFFAD77CA,藉q,21.10,常カG
RPPNMLOJJIKFFAD07CA,Owq,290.00,常カG坝
RPRNMLSJJIKFFAD67CA,吏eq,25.43,常カG
RPUOMLMKJIKFFAD57CA,Ztq,27.90,常カG
RPPNMLTKJIKFFAD67CA,き兵翠q,96.34,常カG坝
RPSNMLRJJIKFFBD77CA,そ扼q,74.08,常カG
RPTOMLPLJIKFFAD87CA,鞯噩q,18.82,常カG
RPPOMLRLJIKFFAD67CA,郴q,293.90,常カG
RPVNMLPJJIKFFCD97CA,QLq,46.86,常カG
RPQNMLPKJIKFFCD57CA,|贾q,99.00,常カG坝
RPPNMLRKJIKFFCD67CA,くMq,10.71,常カG
RPPNMLRKJIKFFCD67CA,くMq,10.71,常カG
RPUOMLPLJIKFFCD18CA,QLq,116.00,常カG
RPUOMLPLJIKFFCD18CA,QLq,29.56,常カG
RPUOMLPLJIKFFCD18CA,QLq,1.11,常カGㄤL
RPPQMLRLJIKFFCD08CA,w蔼q,41.35,常カG
RPPNMLNLJIKFFCD37CA,くMq,10.49,常カG
RPPNMLNLJIKFFCD37CA,くMq,95.00,常カG
RPQNMLKLJIKFFCD17CA,戋兰dq,62.00,常カG
RPVNMLKKJIKFFAR78CA,匕戡q,24.14,D常カGm跋 ; D常カswGA贺乜vノa
RPVNMLKKJIKFFAR78CA,匕戡q,24.14,D常カGm跋 ; D常カswGA贺乜vノa
RPVNMLKKJIKFFAR78CA,匕戡q,29.04,D常カGm跋 ; D常カswGA贺乜vノa
RPVNMLKKJIKFFAR78CA,匕戡q,29.04,D常カGm跋 ; D常カswGA贺乜vノa
RPSNMLOJJIKFFAR78CA,匪wdq郴匪wdpq,1162.00,D常カGSwA~跋 ; D常カswGAノa
RPSNMLPJJIKFFAR88CA,s犁q,24.30,常カG
RPUNMLKLJIKFFAR78CA,X肖q,55.00,常カG
RPUNMLOLJIKFFAR56CA,びlq,2.00,常カG
RPUNMLOLJIKFFAR56CA,びlq,18.00,常カG
RPPOMLOLJIKFFAR78CA,厚tq,1.94,常カG
RPPOMLOLJIKFFAR78CA,厚tq,114.01,常カG
RPPOMLOLJIKFFAR78CA,厚tq,4.17,常カG
RPPNMLSLJIKFFAR09CA,s犁q,18.64,常カG
RPTNMLTJJIKFFBR86CA,P蟋q,.65,常カG
RPTNMLTJJIKFFBR86CA,P蟋q,32.72,常カG
RPSNMLQKJIKFFBR56CA,ejHq,34.00,D常カGsYaO|跋 ; D常カswG贺乜vノa
RPSNMLQKJIKFFBR56CA,ejHq,50.00,D常カGsYaO|跋 ; D常カswG贺乜vノa
RPSNMLQKJIKFFBR56CA,ejHq,244.00,D常カGsYaO|跋 ; D常カswG贺乜vノa
RPRNMLPJJIKFFCR98CA,坤lq,3957.00,D常カGsYaO|跋 ; D常カswGAノa
RPQNMLKMJIKFFCR68CA,ホJuq,28.86,常カG
RPQNMLKMJIKFFCR68CA,ホJuq,3.68,常カG
RPQNMLKMJIKFFCR68CA,ホJuq,4.11,常カGㄤL
RPWNMLRKJIKFFDR27CA,兼Yq,88.48,常カG
RPOOMLRKJIKFFDR56CA,兼Yq,189.27,常カG
RPOOMLRKJIKFFDR56CA,兼Yq,33.87,常カG
RPOOMLRKJIKFFDR56CA,兼Yq,.47,常カG
RPROMLRKJIKFFDR86CA,兼Yq,157.30,常カG
RPROMLRKJIKFFDR86CA,兼Yq,24.97,常カG
RPROMLRKJIKFFDR86CA,兼Yq,.47,常カG
RPTNMLTJJIKFFDR07CA,翠Yq,3108.00,D常カGSwA~跋 ; D常カswGAノa
RPUNMLQJJIKFFDR86CA,ㄎ浆q,116.00,D常カGSwA~跋 ; D常カswGヒ贺乜vノa
RPUNMLQJJIKFFDR86CA,ㄎ浆q,16.78,D常カGSwA~跋 ; D常カswGヒ贺乜vノa
RPXNMLPJJIKFFDR07CA,くoq,289.27,常カG
RPTNMLPJJIKFFER76CA,sてqびlqpq,6310.00,D常カG@牍A~跋 ; D常カswGAノa
RPWNMLPJJIKFFER07CA,到sq,168.75,常カG
RPWNMLPJJIKFFER07CA,到sq,.07,常カG
RPWNMLPJJIKFFER07CA,到sq,.07,常カG
RPWNMLPJJIKFFER07CA,到sq,18.74,常カG
RPWNMLPJJIKFFER07CA,到sq,.14,常カG
RPWNMLPJJIKFFER07CA,到sq,.06,常カG
RPOOMLPJJIKFFER98CA,到sq,168.75,常カG
RPOOMLPJJIKFFER98CA,到sq,.07,常カG
RPOOMLPJJIKFFER98CA,到sq,.07,常カG
RPOOMLPJJIKFFER98CA,到sq,18.74,常カG
RPOOMLPJJIKFFER98CA,到sq,.14,常カG
RPOOMLPJJIKFFER98CA,到sq,.06,常カG
RPQOMLPJJIKFFER56CA,到sq,183.60,常カG
RPQOMLPJJIKFFER56CA,到sq,.07,常カG
RPQOMLPJJIKFFER56CA,到sq,.07,常カG
RPQOMLPJJIKFFER56CA,到sq,18.74,常カG
RPQOMLPJJIKFFER56CA,到sq,.14,常カG
RPQOMLPJJIKFFER56CA,到sq,.06,常カG
RPSOMLPJJIKFFER76CA,到sq,183.60,常カG
RPSOMLPJJIKFFER76CA,到sq,.07,常カG
RPSOMLPJJIKFFER76CA,到sq,.07,常カG
RPSOMLPJJIKFFER76CA,到sq,18.74,常カG
RPSOMLPJJIKFFER76CA,到sq,.14,常カG
RPSOMLPJJIKFFER76CA,到sq,.06,常カG
RPUOMLPJJIKFFER96CA,到sq,168.75,常カG
RPUOMLPJJIKFFER96CA,到sq,.07,常カG
RPUOMLPJJIKFFER96CA,到sq,.07,常カG
RPUOMLPJJIKFFER96CA,到sq,18.74,常カG
RPUOMLPJJIKFFER96CA,到sq,.14,常カG
RPUOMLPJJIKFFER96CA,到sq,.06,常カG
RPQOMLQKJIKFFER76CA,j犁q,.46,D常カGm跋 ; D常カswG臾Qノa
RPQOMLQKJIKFFER76CA,j犁q,.46,D常カGm跋 ; D常カswG臾Qノa
RPQOMLQKJIKFFER76CA,j犁q,.77,D常カGSwA~跋 ; D常カswGユqノa
RPQOMLQKJIKFFER76CA,j犁q,.77,D常カGSwA~跋 ; D常カswGユqノa
RPQOMLQKJIKFFER76CA,j犁q,8.08,D常カGm跋 ; D常カswGA贺乜vノa
RPQOMLQKJIKFFER76CA,j犁q,8.08,D常カGm跋 ; D常カswGA贺乜vノa
RPQOMLQKJIKFFER76CA,j犁q,31.50,D常カGm跋 ; D常カswGA贺乜vノa
RPQOMLQKJIKFFER76CA,j犁q,31.50,D常カGm跋 ; D常カswGA贺乜vノa
RPOOMLLKJIKFFER68CA,到sq,115.91,常カG
RPOOMLLKJIKFFER68CA,到sq,3.88,常カG
RPPOMLLKJIKFFER78CA,到sq,115.91,常カG
RPPOMLLKJIKFFER78CA,到sq,3.88,常カG
RPSNMLTKJIKFFER17CA,F墩dqGpq,8.00,D常カGSwA~跋 ; D常カswGB贺乜vノa
RPXNMLSKJIKFFER57CA,到sq,115.92,常カG
RPXNMLSKJIKFFER57CA,到sq,3.88,常カG
RPOOMLSKJIKFFER76CA,到sq,115.82,常カG
RPOOMLSKJIKFFER76CA,到sq,4.06,常カG
RPPOMLSKJIKFFER86CA,到sq,111.78,常カG
RPPOMLSKJIKFFER86CA,到sq,7.29,常カG
RPROMLOLJIKFFER76CA,到sq,115.91,常カG
RPROMLOLJIKFFER76CA,到sq,3.88,常カG
RPTOMLOLJIKFFER96CA,到sq,111.76,常カG
RPTOMLOLJIKFFER96CA,到sq,7.29,常カG
RPTNMLKMJIKFFER56CA,ぐq,94.31,D常カGm跋 ; D常カswGA贺乜vノa
RPTNMLKMJIKFFER56CA,ぐq,26.24,D常カGm跋 ; D常カswGA贺乜vノa
RPOOMLMJKIKFFER78CA,s_q,502.17,常カG
RPOOMLTJJIKFFFR86CA,kくnq,35.89,D常カG@牍A~跋 ; D常カswGAノa
RPOOMLTJJIKFFFR86CA,kくnq,5.80,D常カG@牍A~跋 ; D常カswG臾Qノa
RPPOMLTJJIKFFFR96CA,kくnq,70.80,D常カG@牍A~跋 ; D常カswGAノa
RPPOMLTJJIKFFFR96CA,kくnq,11.60,D常カG@牍A~跋 ; D常カswG臾Qノa
RPQOMLTJJIKFFFR07CA,kくnq,35.89,D常カG@牍A~跋 ; D常カswGAノa
RPQOMLTJJIKFFFR07CA,kくnq,5.80,D常カG@牍A~跋 ; D常カswG臾Qノa
RPUNMLPJJIKFFFR96CA,F[q,9436.00,D常カG@牍A~跋 ; D常カswGAノa
RPROMLPJJIKFFFR76CA,r}q,16.33,常カGA
RPROMLPJJIKFFFR76CA,r}q,65.00,常カGA
RPPNMLTJJIKFFFR86CA,Θ\q,14.96,常カG
RPPNMLTJJIKFFFR86CA,Θ\q,77.17,常カG
RPRNMLTJJIKFFFR07CA,Θ\q,12.40,常カG
RPRNMLTJJIKFFFR07CA,Θ\q,69.90,常カG
RPTNMLTJJIKFFFR27CA,Kヒq,80.00,D常カGm跋 ; D常カswGA贺乜vノa
RPVNMLTJJIKFFFR47CA,Kヒq,78.00,D常カGm跋 ; D常カswGA贺乜vノa
RPRNMLOJJIKFFFR56CA,ガUЮq,.15,D常カG@牍A~跋 ; D常カswGユqノa
RPRNMLOJJIKFFFR56CA,ガUЮq,.08,D常カG@牍A~跋 ; D常カswGユqノa
RPRNMLOJJIKFFFR56CA,`|lq,6.53,D常カG@牍A~跋 ; D常カswGAノa
RPRNMLOJJIKFFFR56CA,ガUЮq,23.60,D常カG@牍A~跋 ; D常カswGAノa
RPRNMLOJJIKFFFR56CA,ガUЮq,67.80,D常カG@牍A~跋 ; D常カswGAノa
RPRNMLOJJIKFFFR56CA,ガUЮq,19.90,D常カG@牍A~跋 ; D常カswGAノa
RPRNMLOJJIKFFFR56CA,ガUЮq,694.20,D常カG@牍A~跋 ; D常カswGAノa
RPRNMLOJJIKFFFR56CA,ガUЮq,1136.80,D常カG@牍A~跋 ; D常カswGAノa
RPRNMLOJJIKFFFR56CA,ガUЮq,469.80,D常カG@牍A~跋 ; D常カswGAノa
RPRNMLOJJIKFFFR56CA,ガUЮq,34.60,D常カG@牍A~跋 ; D常カswGAノa
RPRNMLOJJIKFFFR56CA,ガUЮq,22.20,D常カG@牍A~跋 ; D常カswGヒ贺乜vノa
RPRNMLOJJIKFFFR56CA,ガUЮq,.16,D常カG@牍A~跋 ; D常カswGユqノa
RPRNMLOJJIKFFFR56CA,ガUЮq,.77,D常カG@牍A~跋 ; D常カswGユqノa
RPWNMLQLJIKFFFR47CA,峋垃q,10.27,常カG
RPTNMLRLJIKFFFR27CA,┄q,25.06,常カG
RPVNMLKLJIKFFFR76CA,W[q,102.06,常カG
RPPNMLPJJIKFFHR66CA,QFq,17.89,常カG
RPPNMLTJJIKFFGR96CA,忱バq,6511.77,D常カG@牍A~跋 ; D常カswGAノa
RPPNMLTJJIKFFGR96CA,忱バq,1811.31,D常カG@牍A~跋 ; D常カswGAノa
RPPNMLTJJIKFFGR96CA,忱バq,643.98,D常カG@牍A~跋 ; D常カswGAノa
RPPNMLTJJIKFFGR96CA,忱バq,6329.92,D常カG@牍A~跋 ; D常カswGAノa
RPOQMLPJJIKFFHR86CA,せヒ郴q,396.00,常カG
RPWNMLQKJIKFFHR57CA,Q娆q,18.24,常カG
RPTOMLMKJIKFFHR96CA,せXq,8.25,常カG
RPWNMLLKJIKFFHR07CA,瓒宅q,563.00,常カG
RPVNMLRLJIKFFHR67CA,せヒ郴q,112.00,常カG
RPTNMLTKJIKFFHR57CA,Gq,128.60,常カG
RPQNMLPJJIKFFAR78DA,匪q,94.85,D常カGm跋 ; D常カswGA贺乜vノa
RPRNMLPJJIKFFAR88DA,pJLq,50.50,D常カGSwA~跋 ; D常カswGヒ贺乜vノa
RPRNMLPJJIKFFAR88DA,pJLq,26.00,D常カGSwA~跋 ; D常カswGヒ贺乜vノa
RPUNMLPJJIKFFAR56DA,nq,84.83,常カG
RPVNMLOJJIKFFCD97DA,q,70.00,常カG
RPTNMLOJKIKFFHR07CA,QFq,4.70,常カG
RPOOMLMKJIKFFAD07DA,鞯噩q,8.73,常カG坝
RPOOMLMKJIKFFAD07DA,鞯噩q,.19,常カG坝
RPPNMLPJJIKFFBR78DA,Un墩q,838.59,D常カGsYaO|跋 ; D常カswGAノa
RPQNMLQJJIKFFCR09DA,jべdq,1540.00,D常カGSwA~跋 ; D常カswGAノa
RPQNMLQJJIKFFCR09DA,jべdq,1221.00,D常カGSwA~跋 ; D常カswGAノa
RPTNMLRKJIKFFCR96DA,Fàq,135.48,常カG
RPTNMLRKJIKFFCR96DA,Fàq,.42,常カG
RPQNMLQJJIKFFHR96DA,Oネq,12.01,常カG
RPXNMLOJJIKFFFR27DA,QTヒq,309.77,D常カG@牍A~跋 ; D常カswGAノa
RPUPMLKLJIKFFFR96DA,Gq,171.21,常カGA
RPOOMLPJJIKFFBD47EA,Fq,82.74,常カG
RPTNMLQJJIKFFBD97EA,W璎q,200.90,常カG
RPTNMLQJJIKFFBD97EA,W璎q,82.23,常カG
RPXNMLOLJIKFFHR67DA,い砍q,13.31,常カG
RPQOMLPJJIKFFFR86EA,洱qqTpq,56.00,D常カGm跋 ; D常カswGA贺乜vノa
RPPOMLKKJIKFFFR98EA,kくnq,59.00,D常カG@牍A~跋 ; D常カswGAノa
RPPNMLQJJIKFFER56DA,X┺q@pq,148.50,D常カGm跋 ; D常カswGA贺乜vノa
RPQNMLQKJIKFFDR66DA,O方q,328.00,D常カGSwA~跋 ; D常カswGAノa
RPQNMLQKJIKFFDR66DA,O方q,415.50,D常カGSwA~跋 ; D常カswGAノa
RPQNMLQKJIKFFDR66DA,O方q,1086.00,D常カGSwA~跋 ; D常カswGAノa
RPRNMLQJJIKFFFR86DA,ó隔Yq,96.00,常カGA
RPSNMLQJJIKFFHR17DA,ッHq,91.52,常カG
RPUNMLQJJIKFFHR37DA,Qいq,8.24,常カG
RPTNMLMKJIKFFHR96DA,讣阚兼q,23.80,常カG
RPPNMLQJJIKFFHR86DA,Q娆q,69.00,常カG
RPPNMLQJJIKFFHR86DA,Q娆q,69.00,常カG
RPPNMLQJJIKFFHR86DA,Q娆q,.89,常カG
RPPNMLQJJIKFFHR86DA,Q娆q,62.94,常カG
RPRNMLTJJIKFFHR37DA,Yeq,35.35,常カG
RPQNMLKKJIKFFCR58DA,sxバq,863.06,常カGA
RPQNMLKKJIKFFCR58DA,sxバq,59.27,常カGA
RPQNMLKKJIKFFCR58DA,Aq,2307.79,常カGA
RPXNMLQJJIKFFDR27DA,砍到q,89.73,常カG
RPPNMLQJJIKFFBR88DA,j痊qDlLpq,2900.00,D常カGSwA~跋 ; D常カswGAノa
RPOOMLTJJIKFFAD67DA,snq,52.34,常カG
RPVRMLKKJIKFFAD87DA,鞯噩q,28.10,常カG
RPRNMLMJKIKFFHR66CA,Hqq,238.61,常カG
RPOQMLMJKIKFFHR66CA,L_q,10.05,常カG
RPSNMLQJJIKFFCD87DA,くMq,90.00,常カG
RPPNMLQJJIKFFBD47DA,歃q,334.16,常カG
RPQNMLQJJIKFFBD57DA,歃q,32.21,常カG
RPQNMLQJJIKFFBD57DA,歃q,43.58,常カG
RPQNMLQJJIKFFBD57DA,歃q,1.51,常カG
RPRNMLQJJIKFFBD67DA,w_q,9.32,常カG
RPRNMLQJJIKFFBD67DA,w_q,88.56,常カG
RPRNMLQJJIKFFBD67DA,w_q,9.80,常カG
RPRNMLQJJIKFFBD67DA,w_q,5.27,常カG
RPRNMLQJJIKFFBD67DA,w_q,10.67,常カG
RPRNMLQJJIKFFBD67DA,w_q,3.60,常カG
RPRNMLQJJIKFFBD67DA,w_q,14.13,常カG
RPRNMLQJJIKFFBD67DA,w_q,.08,常カG
RPRNMLQJJIKFFBD67DA,w_q,.82,常カG
RPRNMLQJJIKFFBD67DA,w_q,36.47,常カG
RPRNMLQJJIKFFBD67DA,w_q,9.62,常カG
RPRNMLQJJIKFFBD67DA,w_q,59.42,常カG
RPRNMLQJJIKFFBD67DA,w_q,30.15,常カG
RPQNMLQJJIKFFAR88DA,n痊q,1011.00,常カGㄤL
RPTPMLPLJIKFFHR47CA,ッくq,18.58,常カG
RPRNMLNLJIKFFHR86CA,rQq,745.50,常カGA
RPRNMLNLJIKFFHR86CA,rQq,745.50,常カGA
RPOOMLRKJIKFFHR96CA,讣阚兼q,98.00,常カG
RPQNMLSKJIKFFHR17CA,QFq,18.30,常カG
RPPOMLQJJIKFFHR86CA,ッMq,69.28,常カG
RPQOMLQJJIKFFHR96CA,ッMq,68.20,常カG
RPSOMLQJJIKFFHR17CA,讣阚兼q,68.00,常カGㄤL
RPSOMLQJJIKFFHR17CA,讣阚兼q,190.00,常カG
RPSOMLQJJIKFFHR17CA,讣阚兼q,26.00,常カGㄤL
RPSOMLQJJIKFFHR17CA,讣阚兼q,190.00,常カG
RPSOMLQJJIKFFHR17CA,讣阚兼q,190.00,常カG
RPSOMLQJJIKFFHR17CA,讣阚兼q,190.00,常カG
RPTNMLRJJIKFFHR27CA,ッHq,21.52,常カG
RPTNMLRJJIKFFHR27CA,ッHq,.90,常カG
RPRPMLPJJIKFFHR07CA,ッHq,18.45,常カG
RPRPMLPJJIKFFHR07CA,ッHq,.09,常カG
RPUNMLOJKIKFFER86CA,_q,1562.36,常カGA
RPQNMLSLJIKFFER96CA,[l郴q,6.10,D常カGm跋 ; D常カswGA贺乜vノa
RPQNMLSLJIKFFER96CA,[l郴q,108.00,D常カGm跋 ; D常カswGA贺乜vノa
RPQNMLSLJIKFFER96CA,[l郴q,.20,D常カGm跋 ; D常カswGA贺乜vノa
RPQNMLSLJIKFFER96CA,[l郴q,.69,D常カGm跋 ; D常カswGA贺乜vノa
RPWNMLPLJIKFFER27CA,F墩dqGpq,133.00,D常カGm跋 ; D常カswGA贺乜vノa
RPWNMLPLJIKFFER27CA,F墩dqGpq,129.00,D常カGm跋 ; D常カswGA贺乜vノa
RPWNMLOLJIKFFER17CA,YHq,468.00,D常カG@牍A~跋 ; D常カswGAノa
RPWNMLOLJIKFFER17CA,YHq,747.00,D常カG@牍A~跋 ; D常カswGAノa
RPWNMLOLJIKFFER17CA,YHq,52.00,D常カG@牍A~跋 ; D常カswGAノa
RPWNMLOLJIKFFER17CA,YHq,2577.00,D常カG@牍A~跋 ; D常カswGAノa
RPWNMLOLJIKFFER17CA,YHq,2481.00,D常カG@牍A~跋 ; D常カswGAノa
RPWNMLOLJIKFFER17CA,YHq,155.00,D常カG@牍A~跋 ; D常カswGAノa
RPWNMLOLJIKFFER17CA,YHq,1600.00,D常カG@牍A~跋 ; D常カswGAノa
RPWNMLOLJIKFFER17CA,YHq,752.00,D常カG ; D常カswG
RPWNMLOLJIKFFER17CA,YHq,644.00,D常カG ; D常カswG
RPWNMLOLJIKFFER17CA,YHq,1057.00,D常カG ; D常カswG
RPPNMLTJJIKFFER76CA,翠fq,92.00,D常カGm跋 ; D常カswGA贺乜vノa
RPQNMLTJJIKFFER86CA,翠fq,94.00,D常カGm跋 ; D常カswGA贺乜vノa
RPVOMLPJJIKFFER07CA,せだdq,45.00,D常カGSwA~跋 ; D常カswG臾Qノa
RPVOMLPJJIKFFER07CA,せだdq,28.00,D常カGSwA~跋 ; D常カswG臾Qノa
RPVOMLPJJIKFFER07CA,せだdq,180.00,D常カGSwA~跋 ; D常カswG臾Qノa
RPWOMLPJJIKFFER17CA,せだdq,25.00,D常カGSwA~跋 ; D常カswG臾Qノa
RPWNMLQJJIKFFER17CA,X┺q@pq,100.00,D常カGm跋 ; D常カswGA贺乜vノa
RPWNMLQJJIKFFER17CA,X┺q@pq,9.90,D常カGm跋 ; D常カswGA贺乜vノa
RPPOMLQJJIKFFER56CA,到sq,242.07,常カG
RPPOMLQJJIKFFER56CA,到sq,.02,常カG
RPPOMLQJJIKFFER56CA,到sq,.03,常カG
RPPOMLQJJIKFFER56CA,到sq,6.40,常カG
RPPOMLQJJIKFFER56CA,到sq,.05,常カG
RPPOMLQJJIKFFER56CA,到sq,.02,常カG
RPTNMLKKJIKFFDR88CA,孬nq,102.21,常カG
RPTNMLKKJIKFFDR88CA,孬nq,28.64,常カG
RPQOMLRKJIKFFDR76CA,寸lYq,140.00,D常カG@牍A~跋 ; D常カswGAノa
RPQOMLRKJIKFFDR76CA,寸lYq,1297.00,D常カG@牍A~跋 ; D常カswGAノa
RPQOMLRKJIKFFDR76CA,寸lYq,98.00,D常カG@牍A~跋 ; D常カswGAノa
RPPNMLNJKIKFFBR58CA,s砍q,185.00,常カG
RPSNMLMKJIKFFCR88CA,马nq,207.10,常カG
RPTNMLMKJIKFFCR98CA,js}q,332.78,常カGㄤL
RPTNMLMKJIKFFCR98CA,js}q,332.78,常カGㄤL
RPTNMLMKJIKFFCR98CA,js}q,2.20,常カGㄤL
RPTNMLMKJIKFFCR98CA,js}q,2.20,常カGㄤL
RPSNMLPJJIKFFBR98CA,u攫q,2260.00,D常カGSwA~跋 ; D常カswGAノa
RPSNMLPJJIKFFBR98CA,u攫q,2318.00,D常カGSwA~跋 ; D常カswGAノa
RPVNMLPJJIKFFAR56CA,uZq,.49,常カG
RPVNMLPJJIKFFAR56CA,uZq,20.87,常カG
RPVNMLPJJIKFFAR56CA,uZq,2.12,常カGㄤL
RPVNMLPJJIKFFAR56CA,uZq,3.42,常カGㄤL
RPVNMLPJJIKFFAR56CA,uZq,.81,常カG
RPVNMLPJJIKFFAR56CA,uZq,17.42,常カG
RPVNMLPJJIKFFAR56CA,uZq,.41,常カG
RPVNMLPJJIKFFAR56CA,uZq,.43,常カG
RPVNMLPJJIKFFAR56CA,uZq,.15,常カGㄤL
RPVNMLPJJIKFFAR56CA,uZq,7.44,常カGㄤL
RPVNMLPJJIKFFAR56CA,saq,.15,常カGㄤL
RPPNMLRJJIKFFAR78CA,_q,89.35,常カG
RPPNMLRJJIKFFAR78CA,_q,15.00,常カG
RPQNMLMJKIKFFCD27CA,jsq,254.42,常カG
RPQNMLMJKIKFFCD27CA,jsq,33.28,常カG
RPQNMLMJKIKFFCD27CA,jsq,.75,常カG
RPQNMLMJKIKFFCD27CA,jsq,.45,常カG
RPQNMLMJKIKFFCD27CA,jsq,.75,常カG
RPPNMLLKJIKFFAR28CA,nq,85.41,常カG
RPRNMLKLJIKFFCD27CA,w蔼q,125.26,常カG
RPSNMLKLJIKFFCD37CA,w蔼q,107.87,常カG
RPPNMLLLJIKFFCD17CA,タqq,60.38,常カG
RPQNMLKMJIKFFCD27CA,sFq,19.07,常カG
RPRNMLRKJIKFFCD87CA,肝Fq,52.86,常カG
RPRNMLRKJIKFFCD87CA,肝Fq,29.27,常カG
RPXNMLNKJIKFFCD08CA,sFq,36.60,常カG
RPPOMLTJJIKFFCD87CA,j┚q,80.55,常カG
RPPOMLTJJIKFFCD87CA,j┚q,.93,常カG
RPRNMLKKJIKFFCD17CA,s^q,133.94,常カG
RPRNMLKKJIKFFCD17CA,s^q,4.17,常カGㄤL
RPRNMLKKJIKFFCD17CA,s^q,.85,常カGㄤL
RPRNMLKKJIKFFCD17CA,s^q,135.20,常カG
RPPOMLQJJIKFFBD47CA,瓣wq,116.71,常カG
RPQOMLQJJIKFFBD57CA,M~q,222.05,常カGu
RPQOMLQJJIKFFBD57CA,M~q,313.32,常カGu
RPQOMLQJJIKFFBD57CA,M~q,1.25,常カGu
RPSOMLQJJIKFFBD77CA,欷uq,47.87,常カG
RPSOMLQJJIKFFBD77CA,欷uq,17.37,常カG
RPSOMLQJJIKFFBD77CA,欷uq,151.14,常カG
RPSOMLQJJIKFFBD77CA,欷uq,1.84,常カG
RPPOMLKMJIKFFAD07CA,Owq,68.75,常カG坝
RPRNMLKMJIKFFAD17CA,ミHq,12.00,常カG坝
RPRNMLKMJIKFFAD17CA,ミHq,22.00,常カG坝
RPWNMLRLJIKFFAD28CA,}じq,3.19,常カG坝
RPVNMLTJJIKFFBD28CA,匪郴q,108.00,常カG
RPSNMLQJJIKFFBD67CA,sWq,179.65,常カG
RPUNMLQLJIKFFAD97CA,j翠q,71.88,常カGㄤL
RPXNMLMKJIKFFAD77CA,snq,34.64,常カG
SPXNMLMKJIKFFAD87CA,snq,26.08,常カG
RPQRMLKKJIKFFAD27CA,鞯噩q,216.00,常カG
RPPNMLOKJIKFFAD17CA,地砍q,53.00,常カG
RPPNMLPKJIKFFAD27CA,鞯噩q,8.95,常カG
RPQNMLTJJIKFFAD67CA,鳙艾q,110.00,常カG
RPRNMLTJJIKFFAD77CA,┑キq,14.55,常カG
RPRNMLTJJIKFFAD77CA,┑キq,.21,常カGㄤL
RPRNMLTJJIKFFAD77CA,┑キq,8.27,常カG
RPRNMLTJJIKFFAD77CA,┑キq,.54,常カGㄤL
RPVNMLTJJIKFFAD18CA,{wq,39.00,常カG
RPVNMLTJJIKFFAD18CA,{wq,1.00,常カG
RPWNMLTJJIKFFAD28CA,Ixq,.03,常カG
RPWNMLTJJIKFFAD28CA,Ixq,28.26,常カG
RPWNMLTJJIKFFAD28CA,Ixq,.09,常カG
RPSOMLTJJIKFFAD97CA,ゅじq,96.91,常カG
RPTOMLTJJIKFFAD08CA,タ砍q,36.00,常カG
RPTOMLTJJIKFFAD08CA,タ砍q,36.00,常カG
RPRNMLRJJIKFFAD57CA,鳙艾q,112.00,常カG
RPSNMLRJJIKFFAD67CA,鳙艾q,112.00,常カG
RPPSMLKKJIKFFAD27CA,[惮q,10.44,常カG坝
RPRPMLQKJIKFFAD77CA,j翠q,58.05,常カG
RPRRMLKKJIKFFAD37CA,}じq,12.90,常カG坝
RPWRMLKKJIKFFAD87CA,F伦q,64.00,常カG
RPWRMLKKJIKFFAD87CA,F伦q,9.00,常カGㄤL
RPXRMLKKJIKFFAD97CA,タ砍q,59.00,常カG
RPTOMLTKJIKFFAD18CA,鞯噩q,13.42,常カG
RPVOMLTKJIKFFAD38CA,j伦q,64.00,常カG
RPVOMLTKJIKFFAD38CA,j伦q,7.60,常カG
RPTNMLKLJIKFFAD27CA,ミHq,50.00,常カG
RPTNMLKLJIKFFAD27CA,ミHq,62.00,常カG
RPPNMLLLJIKFFAD96CA,Tチq,9.90,常カG坝
RPSNMLLLJIKFFAD27CA,_wq,24.66,常カG坝
RPSNMLLLJIKFFAD27CA,_wq,39.06,常カG
RPVOMLOJKIKFFAD87CA,タ砍q,63.00,常カG
RPVOMLOJKIKFFAD87CA,タ砍q,12.00,常カGㄤL
RPOOMLLKJIKFFBD96CA,w璎q,82.77,常カG
RPOOMLLKJIKFFBD96CA,w璎q,18.21,常カG
RPUNMLKMJIKFFAD47CA,_地q,13.78,常カG坝
RPRNMLQKJIKFFBD67CA,~扼q,181.90,常カG
RPRNMLQKJIKFFBD67CA,~扼q,9.70,常カGㄤL
RPWNMLMKJIKFFBD77CA,w_q,16.24,常カGㄤL
RPWNMLMKJIKFFBD77CA,w_q,3.92,常カGㄤL
RPWNMLMKJIKFFBD77CA,w_q,11.10,常カGㄤL
RPWNMLMKJIKFFBD77CA,w_q,27.35,常カGㄤL
RPWNMLMKJIKFFBD77CA,w_q,7.22,常カGㄤL
RPQNMLOJKIKFFBD37CA,_q,93.52,常カG
RPVNMLOLJIKFFBD97CA,蟠颥q,73.66,常カG
RPVNMLKLJIKFFBD57CA,ぱ皑q,25.77,常カG
RPVNMLKLJIKFFBD57CA,ぱ皑q,57.37,常カG
RPVNMLKLJIKFFBD57CA,ぱ皑q,.31,常カG
RPUNMLKKJIKFFCD47CA,弘┚q,20.00,常カG
RPUNMLKKJIKFFCD47CA,弘┚q,50.00,常カG
RPPNMLLJKIKFFBD96CA,いq,4.00,常カGㄤL
RPPNMLLJKIKFFBD96CA,いq,34.76,常カGㄤL
RPPNMLLJKIKFFBD96CA,いq,1395.14,常カG
RPPNMLLJKIKFFBD96CA,いq,16.62,常カG
RPPNMLLJKIKFFBD96CA,いq,15.03,常カG
RPPNMLLJKIKFFBD96CA,いq,38.87,常カGㄤL
RPVNMLTJJIKFFCD38CA,ぱZq,39.14,常カG
RPVNMLTJJIKFFCD38CA,ぱZq,60.04,常カG
RPWNMLTJJIKFFCD48CA,ぱZq,32.46,常カG
RPWNMLTJJIKFFCD48CA,ぱZq,66.70,常カG
RPSOMLLKJIKFFCD47CA,肝Fq,114.22,常カG
RPOOMLNKJIKFFCD27CA,w蔼q,33.20,常カG
RPVOMLLKJIKFFCD77CA,λt憩q,94.00,常カG
RPUOMLKMJIKFFCD77CA,QLq,33.70,常カG
RPQNMLLJKIKFFCD17CA,w蔼q,54.24,常カG
RPRNMLLJKIKFFCD27CA,w蔼q,37.64,常カG
RPPNMLQLJIKFFCD67CA,戋兰dq,3.39,常カGㄤL
RPUOMLOLJIKFFCD08CA,肝Fq,21.31,常カG
RPUOMLOLJIKFFCD08CA,肝Fq,77.96,常カG
RPVOMLOLJIKFFCD18CA,肝Fq,21.31,常カG
RPVOMLOLJIKFFCD18CA,肝Fq,78.75,常カG
RPQNMLTJJIKFFAR09CA,地艾q,22.53,常カG
RPSNMLKKJIKFFAR48CA,るzq,75.50,常カG
RPQNMLQJJIKFFBR88CA,螬爆q,58.00,D常カGSwA~跋 ; D常カswGAノa
RPSNMLLKJIKFFAR58CA,fl憩q,556.67,D常カGSwA~跋 ; D常カswGAノa
RPRNMLTJJIKFFCR76CA,jlかq,20.00,D常カGm跋 ; D常カswGA贺乜vノa
RPRNMLTJJIKFFCR76CA,jlかq,24.00,D常カGm跋 ; D常カswGA贺乜vノa
RPRNMLTJJIKFFCR76CA,jlかq,6.00,D常カGm跋 ; D常カswGA贺乜vノa
RPRNMLRKJIKFFDR76CA,nHq,1930.00,D常カGSwA~跋 ; D常カswGAノa
RPQNMLLKJIKFFDR68CA,くRq,82.05,常カG
RPPNMLQJJIKFFDR98CA,绚fqGpq,212.00,D常カGSwA~跋 ; D常カswGAノa
RPPNMLSJJIKFFDR56CA,搂てq,3285.00,D常カGSwA~跋 ; D常カswGAノa
RPPNMLSJJIKFFDR56CA,搂てq,1177.00,D常カGSwA~跋 ; D常カswGAノa
RPPNMLSJJIKFFDR56CA,搂てq,3808.00,D常カGSwA~跋 ; D常カswGAノa
RPRNMLTJJIKFFDR86CA,挨lずq,44.00,D常カGSwA~跋 ; D常カswGユqノa
RPSNMLTJJIKFFER07CA,纯ゅq,14.83,常カGA
RPSNMLTJJIKFFER07CA,纯ゅq,86.00,常カGA
RPPNMLKKJIKFFER58CA,wfq,1371.00,D常カGSwA~跋 ; D常カswGAノa
RPQNMLKKJIKFFER68CA,默Lq,73.76,D常カGm跋 ; D常カswGA贺乜vノa
RPQOMLOLJIKFFER66CA,到sq,115.92,常カG
RPQOMLOLJIKFFER66CA,到sq,3.88,常カG
RPPNMLKMJIKFFER78CA,w砍q,629.08,D常カGm跋 ; D常カswGA贺乜vノa
RPVOMLNJKIKFFER96CA,T佻q,10.83,D常カGm跋 ; D常カswGユqノa
RPVOMLNJKIKFFER96CA,T佻q,27.00,D常カG ; D常カswG
RPVOMLNJKIKFFER96CA,T佻q,231.00,D常カG ; D常カswG
RPVOMLNJKIKFFER96CA,T佻q,56.00,D常カG ; D常カswG
RPVOMLNJKIKFFER96CA,T佻q,51.00,D常カG ; D常カswG
RPVOMLNJKIKFFER96CA,T佻q,123.00,D常カG ; D常カswG
RPVOMLNJKIKFFER96CA,T佻q,449.00,D常カG ; D常カswG
RPVOMLNJKIKFFER96CA,T佻q,31.00,D常カG ; D常カswG
RPTNMLLJKIKFFER09CA,到sq,115.82,常カG
RPTNMLLJKIKFFER09CA,到sq,4.06,常カG
RPROMLTJJIKFFFR17CA,Mq,86.13,常カG
RPUNMLKKJIKFFFR56CA,[l郴q,2340.00,D常カG@牍A~跋 ; D常カswGAノa
RPVNMLKKJIKFFFR66CA,いw璎q,136.20,D常カGm跋 ; D常カswGA贺乜vノa
RPQOMLKKJIKFFFR88CA,kく_q,9.00,常カG
RPQOMLKKJIKFFFR88CA,kく_q,103.00,常カG
RPROMLKKJIKFFFR98CA,榜lYq,900.00,D常カGm跋 ; D常カswGA贺乜vノa
RPROMLKKJIKFFFR98CA,榜lYq,239.00,D常カGm跋 ; D常カswGA贺乜vノa
RPROMLKKJIKFFFR98CA,榜lYq,25.00,D常カGm跋 ; D常カswGA贺乜vノa
RPQNMLMKJIKFFFR98CA,びlq,95.93,常カG
RPUNMLTJJIKFFHR57CA,QFq,6.71,常カG
RPQNMLKKJIKFFHR98CA,ㄈびq,924.65,常カGA
RPTNMLKKJIKFFHR66CA,Lnq,6.54,常カG
RPWNMLKKJIKFFHR96CA,せXq,.88,常カG
RPWNMLKKJIKFFHR96CA,せXq,20.05,常カG
RPPNMLPKJIKFFFR56CA,Gq,23.80,常カG
RPPNMLPKJIKFFFR56CA,Gq,.16,常カGA
RPPNMLPKJIKFFFR56CA,Gq,.05,常カGA
RPPNMLPKJIKFFFR56CA,Gq,46.78,常カG
RPVNMLQKJIKFFFR27CA,洱qqTpq,102.00,D常カGSwA~跋 ; D常カswGヒ贺乜vノa
RPWNMLQKJIKFFFR37CA,KヒFq,37.80,常カG
RPWNMLQKJIKFFFR37CA,KヒFq,37.80,常カG
RPWNMLQKJIKFFFR37CA,KヒFq,19.61,常カG
RPWNMLQKJIKFFFR37CA,KヒFq,19.61,常カG
RPPOMLRKJIKFFHR07CA,H堕q,11.61,常カG坝
RPPOMLRKJIKFFHR07CA,H堕q,.21,常カGㄤL
RPQOMLLKJIKFFHR56CA,瓣tq,39.44,常カG
RPTNMLQJJIKFFAR56DA,チ壁q,119.04,常カG坝
RPPNMLQJJIKFFAR78DA,チvq,27.86,常カG
RPPNMLMJKIKFFCD27DA,QLq,31.59,常カG
RPPNMLMJKIKFFCD27DA,QLq,.26,常カGㄤL
RPPNMLMJKIKFFCD27DA,QLq,.15,常カGㄤL
RPRNMLRJKIKFFHR17CA,ッMq,31.70,常カG坝
RPROMLTJJIKFFAD97DA,そ堕q,1.87,常カG坝
RPROMLTJJIKFFAD97DA,そ堕q,2.15,常カG坝
RPQNMLTJJIKFFBR66DA,s肪q,308.40,D常カGm跋 ; D常カswGA贺乜vノa
RPQNMLTJJIKFFBR66DA,s肪q,18.84,D常カGm跋 ; D常カswGA贺乜vノa
RPPNMLMKJIKFFGR09DA,罚いq,208.69,常カG
RPQNMLMKJIKFFGR56DA,罚いq,259.72,常カG
RPQNMLMKJIKFFGR56DA,罚いq,99.86,常カG
RPQNMLMKJIKFFGR56DA,罚いq,1.62,常カG
RPROMLLKJIKFFHR76DA,nsq,.66,常カG
RPROMLLKJIKFFHR76DA,nsq,19.02,常カG
RPTNMLKKJIKFFFR56DA,wnq,163.21,常カG
RPTNMLKKJIKFFFR56DA,wnq,29.81,常カG
RPPNMLLKJIKFFER78DA,到いq,33.71,常カG
RPSNMLLJKIKFFHR76DA,jWq,10.00,常カGㄤL
RPVNMLLKJIKFFCD87EA,隔Fq,8.41,常カGㄤL
RPWNMLMKJIKFFCD08EA,jPq,6.04,常カG坝
RPWNMLMKJIKFFCD08EA,jPq,.01,常カG坝
RPPNMLNKJIKFFCD47EA,Fq,13.80,常カG
RPPNMLNKJIKFFCD47EA,Fq,7.75,常カG
RPQOMLTKJIKFFCD28EA,sFq,36.00,常カG
RPUNMLSJKIKFFCD48EA,s砍q,47.00,常カG
RPXNMLKKJIKFFCD97EA,ミwq,61.00,常カG
RPOOMLKKJIKFFCD17EA,QLq,65.90,常カG
RPPNMLLKJIKFFFR98EA,Kヒq,880.00,D常カGSwA~跋 ; D常カswGAノa
RPQNMLQKJIKFFBD77EA,n砍q,11.09,常カGㄤL
RPWNMLMJKIKFFDR86DA,B憩q,2132.00,D常カGSwA~跋 ; D常カswGAノa
RPSOMLLKJIKFFHR86DA,nsq,9.86,常カG
RPXNMLKKJIKFFHR17DA,QFq,5.22,常カG
RPPOMLMKJIKFFBR68DA,フFべq,4320.00,D常カGet跋 ; D常カswGAノa
RPQOMLMKJIKFFBR78DA,フFべq,8290.00,D常カGet跋 ; D常カswGAノa
RPROMLMKJIKFFBR88DA,フFべq,1966.00,D常カGet跋 ; D常カswGAノa
RPSOMLMKJIKFFBR98DA,フFべq,776.00,D常カGet跋 ; D常カswGAノa
RPSOMLMKJIKFFBR98DA,フFべq,195.00,D常カGet跋 ; D常カswGAノa
RPSNMLLKJIKFFAD27DA,┑キq,8.19,常カG
RPSNMLLKJIKFFAD27DA,┑キq,8.29,常カG
RPVNMLNKJIKFFAD77DA,ミHq,3.86,常カG坝
RPRNMLLKJIKFFBD27DA,匪郴q,8.26,常カG
RPRNMLLKJIKFFBD27DA,匪郴q,66.80,常カG
RPRNMLLKJIKFFBD27DA,匪郴q,10.40,常カG
RPRNMLLKJIKFFBD27DA,匪郴q,7.21,常カG
RPPNMLMKJIKFFHR09CA,瓒宅q@pq,1828.00,D常カGSwA~跋 ; D常カswGAノa
RPUNMLMKJIKFFHR96CA,バq,9.17,常カG
RPUNMLMKJIKFFHR96CA,バq,70.00,常カG
RPVNMLMKJIKFFHR07CA,バq,9.17,常カG
RPVNMLMKJIKFFHR07CA,バq,75.00,常カG
RPWNMLMKJIKFFHR17CA,バq,9.17,常カG
RPWNMLMKJIKFFHR17CA,バq,74.00,常カG
RPXNMLNLJIKFFHR47CA,郴匪q,43.64,常カGu
RPQNMLPLJIKFFHR96CA,Lnq,5.96,常カG
RPVPMLOLJIKFFHR57CA,Lnq,10.28,常カG
RPUNMLTKJIKFFHR67CA,ッ地q,66.76,常カG
RPPNMLOKJIKFFFR09CA,ゅ颗q,8.00,常カG
RPPNMLOKJIKFFFR09CA,ゅ颗q,19.00,常カG
RPPNMLOKJIKFFFR09CA,ゅ颗q,18.00,常カG
RPPNMLOKJIKFFFR09CA,ゅ颗q,54.00,常カG
RPPNMLOKJIKFFFR09CA,ゅ颗q,12.00,常カG
RPOOMLKKJIKFFHR88CA,_Wq,12.91,常カG
RPOOMLKKJIKFFHR88CA,_Wq,230.88,常カG
RPOOMLKKJIKFFHR88CA,_Wq,20.82,常カG
RPRNMLKKJIKFFHR09CA,Q_q,19.26,常カGu
RPXNMLTJJIKFFHR87CA,jWq,146.00,常カG坝
RPQNMLTJJIKFFGR07CA,い|q,1002.00,D常カGsYaO|跋 ; D常カswGAノa
RPQNMLTJJIKFFGR07CA,い|q,1002.00,D常カGsYaO|跋 ; D常カswGAノa
RPQNMLTJJIKFFGR07CA,い|q,1002.00,D常カGsYaO|跋 ; D常カswGAノa
RPQNMLTJJIKFFGR07CA,い|q,980.00,D常カGsYaO|跋 ; D常カswGAノa
RPQNMLTJJIKFFGR07CA,底Hdq,204.00,D常カGsYaO|跋 ; D常カswGAノa
RPWOMLNJKIKFFFR17CA,w[q,141.36,常カG
RPWOMLNJKIKFFFR17CA,w[q,18.30,常カG
RPRNMLMKJIKFFFR09CA,びlq,66.56,常カG
RPRNMLMKJIKFFFR09CA,びlq,66.56,常カG
RPSNMLLKJIKFFFR09CA,いwq,459.41,D常カGm跋 ; D常カswGA贺乜vノa
RPSNMLOJKIKFFER66CA,せ遏dq,172.00,D常カGu~跋 ; D常カswGB贺乜vノa
RPUNMLKKJIKFFER09CA,n翠q,310.51,常カGu
RPSNMLQKJIKFFER86CA,地q,14.85,常カG坝
RPPNMLTKJIKFFDR76CA,马wq,1074.87,D常カG@牍A~跋 ; D常カswGAノa
RPSNMLKKJIKFFDR78CA,T犁q,61.55,D常カGm跋 ; D常カswGA贺乜vノa
RPPNMLQKJIKFFDR09CA,くRq,1.10,常カG
RPPNMLQKJIKFFDR09CA,くRq,79.49,常カG
RPVNMLMKJIKFFDR66CA,绚fq@pq,218.00,D常カGm跋 ; D常カswGA贺乜vノa
RPVNMLMKJIKFFDR66CA,绚fq@pq,54.00,D常カGm跋 ; D常カswGユqノa
RPVNMLMKJIKFFDR66CA,绚fq@pq,26.00,D常カGm跋 ; D常カswGユqノa
RPTNMLTJJIKFFCR96CA,谅砑dq,122.50,常カGA
RPTNMLTJJIKFFCR96CA,谅砑dq,1535.00,常カGA
RPSNMLKKJIKFFCR68CA,jlかq,1025.00,常カGA
RPSNMLKKJIKFFCR68CA,jlかq,48.00,常カGA
RPOOMLKKJIKFFCR38CA,Θ\q,127.29,常カG
RPOOMLKKJIKFFCR38CA,Θ\q,8.91,常カG
RPQOMLKKJIKFFCR58CA,翠Hq,925.00,D常カGSwA~跋 ; D常カswGAノa
RPUNMLQKJIKFFCR86CA,Mキq,88.38,常カG
RPOOMLQKJIKFFCR98CA,Mキq,86.86,常カG
RPPOMLQKJIKFFCR09CA,Mキq,86.83,常カG
RPSNMLLKJIKFFBR68CA,古wq,3733.46,D常カG@牍A~跋 ; D常カswGAノa
RPPNMLLKJIKFFBR38CA,j逼λq,1197.00,D常カGSwA~跋 ; D常カswGAノa
RPQOMLRJKIKFFCD87CA,そ^q,33.47,常カG
RPUNMLOLJIKFFCD97CA,QLq,392.00,常カG
RPXQMLPLJIKFFCD68CA,w蔼q,20.94,常カG
RPWOMLLKJIKFFCD87CA,QLq,39.00,常カG
RPWOMLLKJIKFFCD87CA,QLq,7.00,常カGㄤL
RPSNMLMKJIKFFCD47CA,QLq,80.00,常カG
RPQOMLKKJIKFFCD17CA,ぱZq,99.61,常カG
RPQNMLLKJIKFFCD17CA,ぱZq,30.46,常カG
RPQNMLLKJIKFFCD17CA,ぱZq,8.55,常カGㄤL
RPQNMLLKJIKFFCD17CA,ぱZq,.08,常カGㄤL
RPWNMLLKJIKFFCD77CA,nsq,15.44,常カG
RPWNMLLKJIKFFCD77CA,nsq,78.00,常カG
RPXNMLLKJIKFFCD87CA,nsq,15.44,常カG
RPXNMLLKJIKFFCD87CA,nsq,80.00,常カG
RPOOMLLKJIKFFCD07CA,nsq,83.00,常カG
RPPOMLLKJIKFFCD17CA,nsq,69.00,常カG
RPPOMLLKJIKFFCD17CA,nsq,15.44,常カG
RPTNMLPLJIKFFBD87CA,欷uq,23.48,常カG
RPTNMLPLJIKFFBD87CA,欷uq,2.89,常カG
RPTNMLPLJIKFFBD87CA,欷uq,90.76,常カG
RPTNMLPLJIKFFBD87CA,欷uq,6.80,常カG
RPUNMLKMJIKFFBD57CA,匪みq,92.11,常カG
RPVNMLKMJIKFFBD67CA,匪みq,80.19,常カG
RPQNMLMKJIKFFBD17CA,W_q,107.21,常カG
RPQNMLTKJIKFFBD87CA,瓣wq,146.65,常カG
RPRNMLTKJIKFFBD97CA,瓣wq,146.56,常カG
RPRNMLKKJIKFFBD07CA,歃璎q,176.58,常カGㄤL
RPQNMLLKJIKFFBD07CA,wFq,92.15,常カG
RPSNMLLKJIKFFBD27CA,瓣wq,1027.21,常カG
RPUNMLLKJIKFFBD47CA,瓣wq,194.83,常カG
RPUNMLLKJIKFFBD47CA,瓣wq,194.83,常カG
RPVNMLLKJIKFFBD57CA,瓣tq,225.51,常カGu
RPXNMLRLJIKFFAD38CA,鞯噩q,12.92,常カG
RPQNMLLJKIKFFAD96CA,ゅじq,400.73,常カG
RPTOMLLJKIKFFAD37CA,鳙艾q,11.00,常カG坝
RPTOMLLJKIKFFAD37CA,鳙艾q,11.00,常カG坝
RPTOMLLJKIKFFAD37CA,鳙艾q,11.00,常カG坝
RPRNMLSKJIKFFAD77CA,ミHq,17.40,常カG
RPOSMLKKJIKFFAD17CA,{wq,113.50,常カG
RPOSMLKKJIKFFAD17CA,{wq,2.00,常カGㄤL
RPXOMLMKJIKFFAD87CA,ッwq,22.29,常カG
RPUNMLMKJIKFFAD47CA,鳙艾q,18.92,常カG
RPVNMLMKJIKFFAD57CA,ドtq,4.86,常カG
RPVNMLMKJIKFFAD57CA,ドtq,4.86,常カG
RPVNMLMKJIKFFAD57CA,ドtq,11.25,常カG
RPVNMLMKJIKFFAD57CA,ドtq,11.25,常カG
RPVNMLMKJIKFFAD57CA,ドtq,27.00,常カG
RPVNMLMKJIKFFAD57CA,ドtq,27.00,常カG
RPSOMLNKJIKFFAD47CA,藉q,76.62,常カG
RPRNMLMKJIKFFAD17CA,鞯噩q,133.00,常カG坝
RPRNMLMKJIKFFAD17CA,鞯噩q,131.00,常カG坝
RPQPMLQKJIKFFAD67CA,ミHq,5.07,常カG
RPROMLRKJIKFFAD77CA,鞯噩q,14.58,常カG
RPQNMLPKJIKFFAD37CA,蠖iq,53.00,常カG
RPQNMLPKJIKFFAD37CA,蠖iq,3.00,常カG
RPUPMLLKJIKFFAD57CA,鳙艾q,108.00,常カG
RPTNMLLLJIKFFAD37CA,snq,18.86,常カG
RPXNMLQLJIKFFAD28CA,鳙艾q,104.00,常カG
RPXNMLLKJIKFFBD77CA,匪Yq,28.87,常カG
RPWOMLOJKIKFFAD97CA,ミHq,11.85,常カG
RPRNMLNKJIKFFBD37CA,wq,117.18,常カG
RPQNMLLLJIKFFBD17CA,sWq,121.20,常カG
RPSNMLLLJIKFFBD37CA,瓣wq,178.16,常カG
RPRNMLOJKIKFFBD47CA,MAq,4673.91,常カGA
RPSNMLMJKIKFFBD37CA,_q,112.00,常カG
RPQOMLLKJIKFFCD27CA,nsq,69.00,常カG
RPQOMLLKJIKFFCD27CA,nsq,15.44,常カG
RPROMLLKJIKFFCD37CA,nsq,69.00,常カG
RPROMLLKJIKFFCD37CA,nsq,15.44,常カG
RPROMLKKJIKFFCD27CA,jsq,387.61,常カG
RPTOMLLKJIKFFCD57CA,nsq,69.00,常カG
RPTOMLLKJIKFFCD57CA,nsq,15.44,常カG
RPUOMLLKJIKFFCD67CA,nsq,69.00,常カG
RPUOMLLKJIKFFCD67CA,nsq,15.44,常カG
RPPNMLOKJIKFFCD37CA,q,79.00,常カG
RPXOMLLKJIKFFCD97CA,QLq,5.00,常カG
RPXOMLLKJIKFFCD97CA,QLq,5.00,常カGㄤL
RPTPMLRLJIKFFCD38CA,s砍q,20.58,常カG
RPQNMLQLJIKFFCD77CA,λt憩q,28.31,常カG
RPOOMLKMJIKFFCD17CA,λt憩q,16.38,常カG
RPWOMLOLJIKFFCD28CA,jsq,602.49,常カG
RPUPMLRJKIKFFCD38CA,jΜq,85.71,常カG
RPQNMLLKJIKFFAR38CA,h犁qh犁pq,123.00,常カGㄤL
RPOOMLOJKIKFFCD37CA,戋兰dq,9.84,常カGㄤL
RPUNMLKKJIKFFAR68CA,s犁q,18.70,常カG
RPTOMLMJKIKFFCD67CA,s砍q,26.10,常カG
RPQNMLLKJIKFFBR48CA,u攫q,3300.00,D常カGSwA~跋 ; D常カswGAノa
RPTNMLLKJIKFFAR68CA,Q衄q,.30,常カGㄤL
RPTNMLLKJIKFFAR68CA,nq,105.00,常カG
RPSNMLMKJIKFFAR68CA,崧憩q,1766.00,D常カGSwA~跋 ; D常カswGAノa
RPSNMLMKJIKFFAR68CA,崧憩q,2725.00,D常カGSwA~跋 ; D常カswGAノa
RPUNMLMKJIKFFAR88CA,F厩q,.52,常カG
RPUNMLMKJIKFFAR88CA,F厩q,7.20,常カG
RPTNMLKLJIKFFAR68CA,s犁q,94.00,常カG
RPSNMLNLJIKFFAR88CA,崧憩q,2469.00,D常カGSwA~跋 ; D常カswGAノa
RPRNMLLKJIKFFCR68CA,T翠Юq,262.00,D常カGSwA~跋 ; D常カswGAノa
RPRNMLLKJIKFFCR68CA,T翠Юq,3261.00,D常カGSwA~跋 ; D常カswGAノa
RPVNMLKMJIKFFCR56CA,瓣いq,150.00,常カG
RPWNMLKMJIKFFCR66CA,瓣いq,140.89,常カG
RPWNMLKMJIKFFCR66CA,瓣いq,16.54,常カG
RPPNMLSKJIKFFCR56CA,Oネq,2907.39,D常カGm跋 ; D常カswGA贺乜vノa
RPPNMLSKJIKFFCR56CA,Oネq,24.57,D常カGm跋 ; D常カswGA贺乜vノa
RPQNMLSKJIKFFBR56CA,ッwq,571.00,常カG
RPSNMLSKJIKFFBR76CA,ッwq,85.00,常カG
RPPNMLTKJIKFFBR56CA,ッwq,171.00,常カG
RPRNMLNLJIKFFBR88CA,JBq,75.74,常カG
RPVNMLKKJIKFFDR09CA,绚fqGpq,1800.00,D常カGSwA~跋 ; D常カswGAノa
RPSOMLMKJIKFFDR09CA,璧噩q,204.34,常カG坝
RPRNMLKKJIKFFDR68CA,扼lずq,1920.00,D常カGSwA~跋 ; D常カswGAノa
RPSNMLLKJIKFFDR88CA,q砍q,171.00,D常カGSwA~跋 ; D常カswGAノa
RPSNMLLKJIKFFDR88CA,q砍q,54.00,D常カGSwA~跋 ; D常カswGAノa
RPSNMLLKJIKFFDR88CA,q砍q,156.00,D常カGSwA~跋 ; D常カswG臾Qノa
RPSNMLLKJIKFFDR88CA,q砍q,178.00,D常カGSwA~跋 ; D常カswG臾Qノa
RPTNMLLKJIKFFDR98CA,いwq,650.00,D常カGSwA~跋 ; D常カswGAノa
RPOOMLOLJIKFFDR98CA,nHq,2094.00,D常カGSwA~跋 ; D常カswGAノa
RPQNMLLLJIKFFDR78CA,λ爵q,84.00,D常カGm跋 ; D常カswGA贺乜vノa
RPQNMLLLJIKFFDR78CA,λ爵q,1.04,D常カGm跋 ; D常カswGA贺乜vノa
RPQNMLLLJIKFFDR78CA,λ爵q,34.00,D常カGSwA~跋 ; D常カswGユqノa
RPQNMLNLJIKFFDR98CA,Kだq,936.00,D常カGSwA~跋 ; D常カswGAノa
RPUNMLNJKIKFFDR66CA,T绚lq,272.00,D常カG@牍A~跋 ; D常カswGi崔ノa
RPUNMLNJKIKFFDR66CA,T绚lq,5297.00,D常カG@牍A~跋 ; D常カswGAノa
RPVNMLNJKIKFFDR76CA,T绚lq,5569.00,D常カG@牍A~跋 ; D常カswGAノa
RPWNMLNJKIKFFDR86CA,T绚lq,5233.00,D常カG@牍A~跋 ; D常カswGAノa
RPWNMLNJKIKFFDR86CA,T绚lq,336.00,D常カG@牍A~跋 ; D常カswGi崔ノa
RPXNMLNJKIKFFDR96CA,T绚lq,4131.00,D常カG@牍A~跋 ; D常カswGAノa
RPXNMLNJKIKFFDR96CA,T绚lq,1438.00,D常カG@牍A~跋 ; D常カswGi崔ノa
RPTNMLOJKIKFFDR66CA,T绚lq,4860.00,D常カG@牍A~跋 ; D常カswGAノa
RPTNMLOJKIKFFDR66CA,T绚lq,582.00,D常カG@牍A~跋 ; D常カswGi崔ノa
RPTNMLOJKIKFFDR66CA,T绚lq,29.00,D常カG@牍A~跋 ; D常カswGAノa
RPTNMLOJKIKFFDR66CA,T绚lq,10.00,D常カG@牍A~跋 ; D常カswGAノa
RPTNMLOJKIKFFDR66CA,T绚lq,24.00,D常カG@牍A~跋 ; D常カswGi崔ノa
RPTNMLOJKIKFFDR66CA,T绚lq,34.00,D常カG@牍A~跋 ; D常カswGAノa
RPTNMLOJKIKFFDR66CA,T绚lq,29.00,D常カG@牍A~跋 ; D常カswGAノa
RPQNMLSKJIKFFER86CA,X┺qGpq,470.00,D常カGSwA~跋 ; D常カswGAノa
RPQNMLSKJIKFFER86CA,X┺qGpq,2792.00,D常カGSwA~跋 ; D常カswGAノa
RPRNMLLKJIKFFER88CA,fldq,43.75,D常カGSwMノ跋 ; D常カswGヒ贺乜vノa
RPRNMLMKJIKFFER98CA,地q,184.57,常カG
RPVNMLMKJIKFFER76CA,到sq,168.75,常カG
RPVNMLMKJIKFFER76CA,到sq,.07,常カG
RPVNMLMKJIKFFER76CA,到sq,.07,常カG
RPVNMLMKJIKFFER76CA,到sq,18.74,常カG
RPVNMLMKJIKFFER76CA,到sq,.14,常カG
RPVNMLMKJIKFFER76CA,到sq,.06,常カG
RPXNMLMKJIKFFER96CA,到sq,168.75,常カG
RPXNMLMKJIKFFER96CA,到sq,.07,常カG
RPXNMLMKJIKFFER96CA,到sq,.07,常カG
RPXNMLMKJIKFFER96CA,到sq,18.74,常カG
RPXNMLMKJIKFFER96CA,到sq,.14,常カG
RPXNMLMKJIKFFER96CA,到sq,.06,常カG
RPUNMLLJKIKFFER56CA,到sq,115.83,常カG
RPUNMLLJKIKFFER56CA,到sq,4.06,常カG
RPROMLRLJIKFFER07CA,s砍q,17.00,常カG
RPQNMLNLJIKFFER09CA,ps犁q,15.67,常カGㄤL
RPQNMLOLJIKFFER56CA,Twq,20.02,常カG
RPQOMLSKJIKFFER96CA,到sq,115.92,常カG
RPQOMLSKJIKFFER96CA,到sq,3.88,常カG
RPTNMLTKJIKFFER27CA,ドGq,78.02,常カG
RPRNMLRKJIKFFER86CA,到sq,183.60,常カG
RPRNMLRKJIKFFER86CA,到sq,.07,常カG
RPRNMLRKJIKFFER86CA,到sq,.07,常カG
RPRNMLRKJIKFFER86CA,到sq,18.74,常カG
RPRNMLRKJIKFFER86CA,到sq,.14,常カG
RPRNMLRKJIKFFER86CA,到sq,.06,常カG
RPSNMLMKJIKFFFR56CA,Lwq,228.24,D常カGm跋 ; D常カswGA贺乜vノa
RPSNMLMKJIKFFFR56CA,Lwq,1412.60,D常カGm跋 ; D常カswGA贺乜vノa
RPRNMLLKJIKFFFR98CA,s差q,7531.00,D常カGsYaO|跋 ; D常カswGAノa
RPRNMLMJKIKFFER98CA,绌蕺Lq,1489.00,D常カG@牍A~跋 ; D常カswGAノa
RPQPMLMKJIKFFFR56CA,胺dq,81.99,常カG
RPPNMLNKJIKFFFR98CA,くqq,75.25,常カG
RPTNMLNKJIKFFFR76CA,せヒq,77.30,D常カGm跋 ; D常カswGA贺乜vノa
RPRNMLQKJIKFFFR86CA,ゅてq,84.50,常カG
RPUNMLOLJIKFFFR07CA,Q}q,99.00,常カG
RPUNMLOLJIKFFFR07CA,Q}q,11.52,常カG
RPSOMLOLJIKFFFR96CA,いwq,202.67,D常カGm跋 ; D常カswGA贺乜vノa
RPQOMLKMJIKFFFR09CA,M衄q,85.47,常カG
RPQOMLKMJIKFFFR09CA,M衄q,17.84,常カG
RPOOMLQLJIKFFFR76CA,Gq,85.50,常カG
RPTNMLOLJIKFFHR17CA,讣阚兼q,81.00,常カG
RPWNMLOLJIKFFHR47CA,讣阚兼q,83.00,常カG
RPOOMLOLJIKFFHR76CA,讣阚兼q,87.00,常カG
RPXNMLMKJIKFFHR27CA,バq,9.17,常カG
RPXNMLMKJIKFFHR27CA,バq,70.00,常カG
RPOOMLMKJIKFFHR09CA,バq,9.17,常カG
RPOOMLMKJIKFFHR09CA,バq,70.00,常カG
RPUOMLLKJIKFFHR96CA,ッMq,8.83,常カG
RPQNMLNKJIKFFHR66CA,Q璎q,69.70,常カGu
RPQNMLNKJIKFFHR66CA,Q璎q,351.53,常カGu
RPTNMLNKJIKFFHR96CA,Gq,19.34,常カG
RPTNMLNKJIKFFHR96CA,Gq,.03,常カGㄤL
RPVNMLQKJIKFFHR47CA,jWq,225.00,常カGA
RPVNMLQKJIKFFHR47CA,jWq,88.00,常カGA
RPVNMLQKJIKFFHR47CA,jWq,88.00,常カGA
RPPNMLPKJIKFFHR76CA,nsq,6.03,常カG
RPTOMLKMJIKFFCD77DA,QLq,156.00,常カG坝
RPPNMLNKJIKFFAR58DA,Nぱq,88.17,常カG
RPPNMLMKJIKFFBR58DA,フFべq,2281.00,D常カGet跋 ; D常カswGAノa
RPQNMLMKJIKFFBR68DA,フFべq,2280.00,D常カGet跋 ; D常カswGAノa
RPQNMLMKJIKFFBR68DA,フFべq,1854.00,D常カGet跋 ; D常カswGAノa
RPRNMLMKJIKFFBR78DA,フFべq,1250.00,D常カGet跋 ; D常カswGAノa
RPRNMLMKJIKFFBR78DA,フFべq,304.33,D常カGet跋 ; D常カswGAノa
RPSNMLMKJIKFFBR88DA,フFべq,5880.00,D常カGet跋 ; D常カswGAノa
RPSNMLMKJIKFFBR88DA,フFべq,418.00,D常カGet跋 ; D常カswGAノa
RPTNMLMKJIKFFBR98DA,フFべq,2502.00,D常カGet跋 ; D常カswGAノa
RPUNMLMKJIKFFBR09DA,フFべq,97.00,D常カGet跋 ; D常カswGAノa
RPUNMLMKJIKFFBR09DA,フFべq,3595.00,D常カGet跋 ; D常カswGAノa
RPVNMLMKJIKFFBR56DA,フFべq,4820.00,D常カGet跋 ; D常カswGAノa
RPWNMLMKJIKFFBR66DA,フFべq,4070.00,D常カGet跋 ; D常カswGAノa
RPXNMLMKJIKFFBR76DA,フFべq,556.67,D常カGet跋 ; D常カswGAノa
RPXNMLMKJIKFFBR76DA,フFべq,961.33,D常カGet跋 ; D常カswGAノa
RPOOMLMKJIKFFBR58DA,フFべq,947.00,D常カGet跋 ; D常カswGAノa
RPPOMLRKJIKFFAD67DA,乜超q,.16,常カG坝
RPPOMLRKJIKFFAD67DA,乜超q,4.04,常カG坝
RPROMLMKJIKFFAD37DA,j伦q,106.93,常カG
RPVNMLRJKIKFFAD18DA,鞯噩q,8.22,常カG
RPSOMLTLKIKFFHR77CA,讣阚兼q,93.00,常カG
RPVNMLSJKIKFFHR67CA,ッMq,8.83,常カGㄤL
RPSNMLOJKIKFFHR96CA,nWq,4.11,常カG
RPSNMLOJKIKFFHR96CA,nWq,4.11,常カG
RPROMLOJKIKFFHR96CA,jWq,13.98,常カG坝
RPPNMLPJKIKFFHR76CA,nsq,2.46,常カG
RPPNMLPJKIKFFHR76CA,nsq,2.48,常カG
RPTOMLMKJIKFFBR09DA,フFべq,129.33,D常カGet跋 ; D常カswGAノa
RPTOMLMKJIKFFBR09DA,フFべq,32.33,D常カGet跋 ; D常カswG臾Qノa
RPUOMLMKJIKFFBR56DA,フFべq,129.33,D常カGet跋 ; D常カswGAノa
RPUOMLMKJIKFFBR56DA,フFべq,32.33,D常カGet跋 ; D常カswG臾Qノa
RPVOMLMKJIKFFBR66DA,フFべq,776.00,D常カGet跋 ; D常カswGAノa
RPVOMLMKJIKFFBR66DA,フFべq,195.00,D常カGet跋 ; D常カswGAノa
RPWOMLMKJIKFFBR76DA,フFべq,2120.00,D常カGet跋 ; D常カswGAノa
RPXOMLMKJIKFFBR86DA,フFべq,330.00,D常カGet跋 ; D常カswGAノa
RPXOMLMKJIKFFBR86DA,フFべq,360.00,D常カGet跋 ; D常カswGAノa
RPOPMLMKJIKFFBR68DA,フFべq,980.00,D常カGet跋 ; D常カswGAノa
RPPPMLMKJIKFFBR78DA,フFべq,2975.00,D常カGet跋 ; D常カswGAノa
RPQPMLMKJIKFFBR88DA,フFべq,2448.50,D常カGet跋 ; D常カswGAノa
RPRPMLMKJIKFFBR98DA,フFべq,2448.50,D常カGet跋 ; D常カswGAノa
RPSPMLMKJIKFFBR09DA,フFべq,4791.00,D常カGet跋 ; D常カswGAノa
RPTPMLMKJIKFFBR56DA,フFべq,832.00,D常カGet跋 ; D常カswGAノa
RPTPMLMKJIKFFBR56DA,フFべq,1388.00,D常カGet跋 ; D常カswGAノa
RPUPMLMKJIKFFBR66DA,フFべq,1250.00,D常カGet跋 ; D常カswGAノa
RPUPMLMKJIKFFBR66DA,フFべq,304.33,D常カGet跋 ; D常カswGAノa
RPVPMLMKJIKFFBR76DA,フFべq,3270.00,D常カGet跋 ; D常カswGAノa
RPWPMLMKJIKFFBR86DA,フFべq,389.00,D常カGet跋 ; D常カswGAノa
RPXPMLMKJIKFFBR96DA,フFべq,278.33,D常カGet跋 ; D常カswGAノa
RPXPMLMKJIKFFBR96DA,フFべq,480.67,D常カGet跋 ; D常カswGAノa
RPOQMLMKJIKFFBR78DA,フFべq,2975.00,D常カGet跋 ; D常カswGAノa
RPPQMLMKJIKFFBR88DA,フFべq,129.33,D常カGet跋 ; D常カswGAノa
RPPQMLMKJIKFFBR88DA,フFべq,32.33,D常カGet跋 ; D常カswG臾Qノa
RPQQMLMKJIKFFBR98DA,フFべq,2204.00,D常カGet跋 ; D常カswGAノa
RPPPMLMJKIKFFCD47DA,I肝q,35.83,常カG
RPTOMLRJKIKFFCD28DA,λt憩q,29.02,常カG坝
RPPNMLLKJIKFFDR68DA,nq,30.20,常カG
RPPNMLLKJIKFFDR68DA,nq,8.01,常カG
RPPOMLLKJIKFFHR56DA,Θ\q,10.95,常カG
RPPNMLQKJIKFFHR96DA,い砍q,101.28,常カG
RPQNMLQKJIKFFHR07DA,Q_q,313.81,常カGu
RPSNMLNKJIKFFDR56DA,古鳜q,1387.00,D常カGSwA~跋 ; D常カswGAノa
RPVNMLLKJIKFFFR86DA,kく_q,11.00,常カG
RPVNMLLKJIKFFFR86DA,kく_q,64.00,常カG
RPRNMLNKJIKFFFR76EA,秤Qq,204.49,常カGu
RPRNMLNLJIKFFER66DA,Hqq,76.31,常カG
RPRNMLNLJIKFFER66DA,Hqq,.39,常カG
RPRNMLNLJIKFFER66DA,Hqq,3.62,常カG
RPRNMLNKJIKFFBD57EA,M]q,103.50,常カG
RPRNMLNKJIKFFBD57EA,M]q,24.80,常カG
RPVNMLMKJIKFFFR07EA,kく_q,78.00,常カG
RPUOMLMKJIKFFFR07EA,T郴q,4826.62,D常カGsYaO|跋 ; D常カswGL~ノa
RPSNMLOJKIKFFDR66DA,┚鳜q,71.41,常カGㄤL
RPSNMLRJKIKFFFR17DA,kく_q,.33,常カG
RPSNMLRJKIKFFFR17DA,kく_q,.75,常カG
RPSNMLRJKIKFFFR17DA,kく_q,.08,常カG
RPRNMLMKJIKFFHR76DA,ッOq,77.92,常カG
RPQNMLMKJIKFFDR88DA,ㄎてq,340.00,D常カGm跋 ; D常カswGA贺乜vノa
RPQNMLMKJIKFFDR88DA,ㄎてq,10.86,D常カGm跋 ; D常カswGA贺乜vノa
RPQNMLMKJIKFFDR88DA,ㄎてq,8.36,D常カGm跋 ; D常カswGA贺乜vノa
RPRNMLMKJIKFFDR98DA,q砍q,9.33,D常カGm跋 ; D常カswGA贺乜vノa
RPRNMLMKJIKFFDR98DA,q砍q,139.00,D常カGm跋 ; D常カswGユqノa
RPRNMLMKJIKFFDR98DA,q砍q,239.67,D常カGm跋 ; D常カswGA贺乜vノa
RPRNMLKMJIKFFCR88DA,Fàq,122.29,常カG
RPRNMLKMJIKFFCR88DA,Fàq,.42,常カG
RPPNMLNKJIKFFBR68DA,伦憩q,1722.00,D常カGSwA~跋 ; D常カswGAノa
RPSOMLRJKIKFFHR37CA,ッ地q,47.87,常カG
RPSOMLRJKIKFFHR37CA,ッ地q,29.28,常カG
RPWOMLRJKIKFFHR77CA,ッくq,.05,常カG
RPWOMLRJKIKFFHR77CA,ッくq,22.84,常カG
RPSNMLSJKIKFFHR37CA,nsq,39.54,常カG坝
RPSNMLSJKIKFFHR37CA,nsq,.49,常カG坝
RPSNMLSJKIKFFHR37CA,nsq,.98,常カG坝
RPSNMLSJKIKFFHR37CA,nsq,.24,常カG坝
RPSNMLSJKIKFFHR37CA,nsq,1.17,常カG坝
RPTNMLRJKIKFFHR37CA,ッMq,16.02,常カG坝
RPSOMLKKKIKFFHR76CA,きq,100.95,常カG
RPWNMLMKJIKFFAD77DA,}じq,9.75,常カG坝
RPQNMLOKJIKFFAD37DA,┑キq,41.07,常カG
RPSNMLQKJIKFFHR17CA,jWq,281.00,常カG
RPOOMLQKJIKFFHR86CA,せXq,6.88,常カG
RPPNMLOKJIKFFHR66CA,い砍q,68.93,常カG
RPQNMLOKJIKFFHR76CA,QLq,8.75,常カGㄤL
RPQNMLOKJIKFFHR76CA,QLq,93.40,常カG
RPROMLMKJIKFFHR76CA,ッ砍q,50.48,常カG
RPSOMLMKJIKFFHR86CA,Gq,21.69,常カG
RPSOMLMKJIKFFHR86CA,Gq,.03,常カGㄤL
RPSNMLMKJIKFFHR76CA,バq,9.17,常カG
RPSNMLMKJIKFFHR76CA,バq,70.00,常カG
RPPOMLMKJIKFFHR56CA,バq,9.17,常カG
RPPOMLMKJIKFFHR56CA,バq,71.00,常カG
RPXOMLKLJIKFFHR27CA,ó娆q,101.00,常カGu
RPXOMLKLJIKFFHR27CA,ó娆q,46.00,常カGㄤL
RPPNMLMLJIKFFHR56CA,L_q,16.16,常カG
RPOOMLNLJIKFFHR66CA,jWq,95.00,常カG
RPPNMLMJKIKFFFR88CA,kく_q,58.00,常カG
RPSOMLNLJIKFFFR86CA,方蕲憩q,2846.00,D常カG@牍A~跋 ; D常カswGAノa
RPRNMLQLJIKFFFR96CA,F墩q,35.83,常カG
RPRNMLQLJIKFFFR96CA,F墩q,9.17,常カG
RPRNMLQLJIKFFFR96CA,F墩q,3.33,常カG
RPRNMLQLJIKFFFR96CA,F墩q,9.00,常カG
RPRNMLQLJIKFFFR96CA,F墩q,26.67,常カG
RPRNMLQLJIKFFFR96CA,F墩q,3.20,常カG
RPRNMLQLJIKFFFR96CA,ゅてq,13.85,常カG
RPVNMLNKJIKFFFR96CA,┄q,84.44,常カG
RPRNMLOKJIKFFFR66CA,榜lYq,325.00,D常カG@牍A~跋 ; D常カswGAノa
RPPNMLQJKIKFFFR66CA,Tヒlq,258.00,D常カGu~跋 ; D常カswGB贺乜vノa
RPPNMLQJKIKFFFR66CA,Tヒlq,423.00,D常カGu~跋 ; D常カswGB贺乜vノa
RPPNMLQJKIKFFFR66CA,Aq,158.32,D常カGu~跋 ; D常カswGB贺乜vノa
RPTNMLMKJIKFFFR66CA,_岈q,79.00,常カG
RPXNMLMKJIKFFFR07CA,jΘq,93.35,常カG
RPUNMLLKJIKFFFR66CA,┄q,24.63,常カGu
RPVOMLMKJIKFFFR96CA,G努q,76.27,常カG
RPWOMLOLJIKFFER27CA,s_q,87.21,常カG
RPWOMLOLJIKFFER27CA,s_q,.45,常カG
RPWOMLOLJIKFFER27CA,s_q,15.88,常カG
RPXOMLOLJIKFFER37CA,s_q,94.35,常カG
RPSOMLOLJIKFFER86CA,到sq,152.40,常カG
RPSOMLOLJIKFFER86CA,到sq,7.29,常カG
RPXOMLKMJIKFFER07CA,s_q,16.83,常カG
RPXOMLKMJIKFFER07CA,s_q,71.21,常カG
RPVNMLLJKIKFFER66CA,到sq,161.05,常カG
RPVNMLLJKIKFFER66CA,到sq,7.29,常カG
RPROMLNJKIKFFER56CA,到sq,429.86,常カG
RPOOMLMKJIKFFER78CA,s_q,90.01,常カG
RPQNMLNKJIKFFER98CA,纯ゅq,124.00,常カGA
RPQNMLNKJIKFFER98CA,纯ゅq,11.18,常カGA
RPSNMLNKJIKFFER56CA,j犁q,37.25,D常カGm跋 ; D常カswGA贺乜vノa
RPSNMLNKJIKFFER56CA,j犁q,1.00,D常カGm跋 ; D常カswGユqノa
RPSNMLNKJIKFFER56CA,j犁q,66.84,D常カGm跋 ; D常カswGA贺乜vノa
RPSNMLNKJIKFFER56CA,j犁q,59.50,D常カGm跋 ; D常カswGA贺乜vノa
RPQNMLMKJIKFFER88CA,茎栏qq,21.92,D常カGSwA~跋 ; D常カswGAノa
RPUNMLKKKIKFFDR09CA,ㄎ浆q,145.00,常カG坝
RPUPMLNJKIKFFDR86CA,|到q,120.54,常カG
RPWPMLNJKIKFFDR07CA,|到q,120.54,常カG
RPVNMLKMJIKFFDR66CA,slJq,666.50,D常カGSwA~跋 ; D常カswGAノa
RPSNMLNLJIKFFDR56CA,ㄎ浆q,284.00,常カG
RPRNMLOLJIKFFDR56CA,く浆q,2050.00,D常カGSwA~跋 ; D常カswGAノa
RPXNMLLKJIKFFDR76CA,颏熏q,53.03,常カGA
RPXNMLLKJIKFFDR76CA,颏熏q,56.21,常カGA
RPXNMLLKJIKFFDR76CA,颏熏q,2558.76,常カGA
RPXNMLLKJIKFFDR76CA,颏熏q,7.88,常カGA
RPSNMLMKJIKFFDR98CA,xLqいヒpq,1802.00,D常カGSwA~跋 ; D常カswGAノa
RPTOMLMKJIKFFDR56CA,扼lずq,260.00,D常カGm跋 ; D常カswGA贺乜vノa
RPTOMLMKJIKFFDR56CA,扼lずq,266.00,D常カGm跋 ; D常カswGA贺乜vノa
RPXNMLMKJIKFFDR86CA,w[q,235.72,D常カG@牍A~跋 ; D常カswGi崔ノa
RPXNMLMKJIKFFDR86CA,w[q,738.92,D常カG@牍A~跋 ; D常カswGi崔ノa
RPXNMLMKJIKFFDR86CA,vl翠q,120.00,D常カG@牍A~跋 ; D常カswGAノa
RPPOMLMKJIKFFDR78CA,vl翠q,343.50,D常カGSwA~跋 ; D常カswG臾Qノa
RPPOMLMKJIKFFDR78CA,vl翠q,42.50,D常カGSwA~跋 ; D常カswG臾Qノa
RPPOMLMKJIKFFDR78CA,vl翠q,13.00,D常カGSwA~跋 ; D常カswG臾Qノa
RPPOMLMKJIKFFDR78CA,vl翠q,17.40,D常カGSwA~跋 ; D常カswGAノa
RPPOMLMKJIKFFDR78CA,F砍q,59.22,常カG
RPPOMLMKJIKFFDR78CA,F砍q,.33,常カG
RPPOMLMKJIKFFDR78CA,F砍q,.72,常カG
RPROMLMKJIKFFDR98CA,くoq,53.59,常カG
RPTNMLRKJIKFFDR96CA,F锭q,110.44,常カG
RPUNMLMKJIKFFCR09CA,绚fq,245.67,常カG
RPUNMLMKJIKFFCR09CA,绚fq,113.08,常カG
RPQNMLKLJIKFFCR58CA,tl翠q,1315.00,D常カGSwA~跋 ; D常カswGAノa
RPRNMLKLJIKFFCR68CA,tl翠q,2265.00,D常カGSwA~跋 ; D常カswGAノa
RPQNMLMKJIKFFCR68CA,jべdq,1750.00,D常カGSwA~跋 ; D常カswGAノa
RPPNMLQKJIKFFCR98CA,jずq,2832.00,D常カG@牍A~跋 ; D常カswGAノa
RPRNMLQLJIKFFAR09CA,s犁q,86.00,常カG
RPSNMLLKKIKFFCD47CA,jPq,7.46,常カG坝
RPSNMLLKKIKFFCD47CA,jPq,.01,常カG坝
RPVNMLMKJIKFFAR98CA,s犁q,11.29,常カG
RPVNMLMKJIKFFAR98CA,s犁q,11.29,常カG
RPPNMLQKJIKFFBR88CA,郴いq,71.64,D常カGm跋 ; D常カswGA贺乜vノa
RPPNMLQKJIKFFBR88CA,郴いq,12.90,D常カGm跋 ; D常カswGA贺乜vノa
RPRNMLOJKIKFFCD57CA,s常q,112.19,常カG
RPQNMLRJKIKFFCD77CA,そ^q,88.00,常カG
RPRNMLRJKIKFFCD87CA,そ^q,115.00,常カG
RPSNMLRJKIKFFCD97CA,そ^q,18.00,常カG
RPSNMLRJKIKFFCD97CA,そ^q,107.00,常カG
RPTNMLRJKIKFFCD08CA,そ^q,108.00,常カG
RPQNMLOLJIKFFCD57CA,QLq,126.00,常カG
RPRNMLOLJIKFFCD67CA,表LLq,91.00,常カG
RPWPMLRLJIKFFCD68CA,QLq,33.75,常カG
RPQNMLMKJIKFFCD27CA,ssq,2.36,常カG
RPQNMLMKJIKFFCD27CA,ssq,1.51,常カG
RPXNMLMKJIKFFCD97CA,戋兰dq,5.59,常カGㄤL
RPWNMLNKJIKFFCD97CA,QLq,20.90,常カG
RPWNMLNKJIKFFCD97CA,QLq,.85,常カGㄤL
RPRNMLPKJIKFFCD67CA,戋兰dq,66.00,常カG
RPOOMLTKJIKFFCD87CA,QLq,70.00,常カG
RPUNMLRJKIKFFBD08CA,sWq,80.99,常カG
RPUNMLRJKIKFFBD08CA,sWq,6.75,常カG
RPWNMLKMJIKFFBD77CA,匪みq,90.23,常カG
RPUNMLMKJIKFFBD57CA,zQq,86.49,常カG
RPUNMLMKJIKFFBD57CA,zQq,4.83,常カGㄤL
RPVNMLMKJIKFFBD67CA,zQq,86.21,常カG
RPVNMLMKJIKFFBD67CA,zQq,4.78,常カGㄤL
RPPNMLMJKIKFFAD96CA,C~q,88.69,常カG坝
RPQNMLMJKIKFFAD07CA,C~q,63.57,常カG坝
RPSNMLMJKIKFFAD27CA,j伦q,332.56,常カGㄤL
RPVOMLMJKIKFFAD67CA,Owq,100.00,常カG坝
RPVOMLMJKIKFFAD67CA,Owq,2.00,常カG坝
RPRPMLMJKIKFFAD37CA,}じq,2.82,常カG
RPRPMLMJKIKFFAD37CA,}じq,5.75,常カG坝
RPPOMLPLJIKFFAD47CA,_地q,24.38,常カG
RPPOMLPLJIKFFAD47CA,_地q,.02,常カG
RPSNMLKMJIKFFAD27CA,}じq,2.82,常カG
RPSNMLKMJIKFFAD27CA,}じq,5.75,常カG坝
RPQNMLMLJIKFFAD17CA,F伦q,59.00,常カG
RPXOMLRKJIKFFAD38CA,sq,1.75,常カG坝
RPXOMLRKJIKFFAD38CA,sq,4.85,常カG坝
RPWNMLTKJIKFFAD38CA,郴q,235.70,常カG
RPTNMLMKJIKFFAD37CA,鞯噩q,1.80,常カG坝
RPXNMLQKJIKFFAD18CA,鞯噩q,18.22,常カG
RPPOMLQKJIKFFAD47CA,j伦q,87.68,常カG
RPVOMLQKJIKFFAD08CA,snq,26.08,常カG
RPVOMLQKJIKFFAD08CA,snq,26.08,常カG
RPPNMLRKJIKFFAD47CA,ッ地q,18.43,常カG坝
RPROMLTKJIKFFAD97CA,}じq,7.07,常カG坝
RPPNMLSKJIKFFAD57CA,鞯噩q,14.03,常カG坝
RPPNMLMLJIKFFAD07CA,き兵翠q,54.41,常カG坝
RPPNMLMLJIKFFAD07CA,き兵翠q,25.74,常カG坝
RPPNMLMLJIKFFAD07CA,き兵翠q,47.00,常カG坝
RPRNMLMLJIKFFAD27CA,ミHq,13.03,常カG
RPQOMLRKJIKFFAD67CA,蠖iq,53.00,常カG
RPQOMLRKJIKFFAD67CA,蠖iq,3.00,常カG
RPUNMLNLJIKFFAD67CA,F砍q,25.80,常カG
RPUQMLOLJIKFFAD08CA,Owq,83.00,常カG
RPQNMLNJKIKFFAD17CA,snq,205.00,常カG
RPSNMLNKJIKFFBD47CA,_q,95.74,常カG
RPPNMLQKJIKFFBD47CA,s抖q,311.63,常カG
RPPNMLTKJIKFFBD77CA,绰蝇q,105.96,常カG
RPPNMLKLJIKFFBD96CA,zQq,39.73,常カG
RPPNMLKLJIKFFBD96CA,zQq,59.60,常カG
RPPNMLRLJIKFFBD67CA,eq,103.50,常カG
RPQNMLRLJIKFFBD77CA,eq,101.26,常カG
RPQOMLQLJIKFFBD77CA,瓣tq,1510.17,常カGA
RPQOMLQLJIKFFBD77CA,瓣tq,278.06,常カGㄤL
RPPNMLQJKIKFFBD47CA,瓣wq,1001.18,常カG
RPPNMLQJKIKFFBD47CA,瓣wq,585.39,常カG
RPPNMLQJKIKFFBD47CA,瓣wq,947.41,常カG
RPPNMLQJKIKFFBD47CA,瓣wq,1346.34,常カG
RPROMLTKJIKFFCD18CA,地q,5.43,常カG
RPQNMLRLJIKFFCD87CA,λt憩q,1.09,常カG坝
RPUNMLKLJIKFFCD57CA,地nq,19.00,常カG
RPTOMLPLJIKFFCD08CA,s砍q,77.00,常カG
RPTOMLPLJIKFFCD08CA,s砍q,77.00,常カG
RPPNMLQJKIKFFCD57CA,λt憩q,17.40,常カG
RPSNMLTJKIKFFCD18CA,戋兰dq,3.17,常カGㄤL
RPWNMLTKJIKFFAR17CA,s犁q,7.00,常カG
RPWNMLTKJIKFFAR17CA,s犁q,98.00,常カG
RPWNMLTKJIKFFAR17CA,s犁q,16.00,常カG
RPXNMLTKJIKFFAR27CA,s犁q,7.00,常カG
RPXNMLTKJIKFFAR27CA,s犁q,39.00,常カG
RPXNMLTKJIKFFAR27CA,s犁q,125.00,常カG
RPOOMLTKJIKFFAR09CA,s犁q,7.00,常カG
RPOOMLTKJIKFFAR09CA,s犁q,238.00,常カG
RPOOMLTKJIKFFAR09CA,s犁q,29.00,常カG
RPQOMLTKJIKFFAR66CA,s犁q,7.00,常カG
RPQOMLTKJIKFFAR66CA,s犁q,116.00,常カG
RPROMLTKJIKFFAR76CA,s犁q,7.00,常カG
RPROMLTKJIKFFAR76CA,s犁q,140.00,常カG
RPTNMLMKJIKFFAR78CA,─nq,100.00,D常カGSwA~跋 ; D常カswGヒ贺乜vノa
RPOOMLKLJIKFFAR28CA,s犁q,7.00,常カG
RPOOMLKLJIKFFAR28CA,s犁q,112.00,常カG
RPWNMLNLJIKFFAR66CA,崧憩q,1330.00,常カGA
RPPNMLNKJIKFFCR68CA,绚fq,14.34,常カG
RPPNMLNKJIKFFCR68CA,绚fq,63.88,常カG
RPPNMLNKJIKFFCR68CA,绚fq,25.01,常カG
RPPNMLNKJIKFFCR68CA,绚fq,17.53,常カG
RPPNMLNKJIKFFCR68CA,绚fq,4.31,常カG
RPPNMLNKJIKFFCR68CA,绚fq,11.88,常カG
RPPNMLNKJIKFFCR68CA,绚fq,19.20,常カG
RPPNMLNKJIKFFCR68CA,绚fq,8.67,常カG
RPPNMLOLJIKFFBR78CA,sFq,66.13,D常カGSwA~跋 ; D常カswGヒ贺乜vノa
RPPNMLKKKIKFFAR28CA,s_q,158.59,常カG坝
RPQNMLRKJIKFFDR66CA,搂てq,1539.00,D常カGSwA~跋 ; D常カswGAノa
RPVNMLNKJIKFFDR76CA,马wq,78.54,D常カGSwA~跋 ; D常カswG臾Qノa
RPVNMLNKJIKFFDR76CA,马wq,2672.02,D常カGSwA~跋 ; D常カswGAノa
RPSNMLTKJIKFFDR07CA,扼lずq,2357.00,D常カGSwA~跋 ; D常カswGAノa
RPPNMLRLJIKFFDR66CA,slJq,154.48,D常カGm跋 ; D常カswGA贺乜vノa
RPPNMLRLJIKFFDR66CA,slJq,154.48,D常カGm跋 ; D常カswGA贺乜vノa
RPPNMLRLJIKFFDR66CA,slJq,154.48,D常カGm跋 ; D常カswGA贺乜vノa
RPTNMLNKJIKFFER66CA,到sq,242.08,常カG
RPTNMLNKJIKFFER66CA,到sq,2.41,常カG
RPTNMLNKJIKFFER66CA,到sq,2.75,常カG
RPRNMLNKJIKFFER09CA,纯ゅq,80.00,常カGA
RPRNMLNKJIKFFER09CA,纯ゅq,15.93,常カGA
RPRNMLSKJIKFFER96CA,j犁q,102.00,D常カGm跋 ; D常カswGA贺乜vノa
RPSNMLSKJIKFFER07CA,j犁q,84.00,D常カGm跋 ; D常カswGA贺乜vノa
RPVNMLSKJIKFFER37CA,到sq,103.02,常カG
RPVNMLSKJIKFFER37CA,到sq,65.73,常カG
RPVNMLSKJIKFFER37CA,到sq,7.39,常カG
RPVNMLSKJIKFFER37CA,到sq,8.43,常カG
RPUNMLQKJIKFFER07CA,ドGq,86.64,常カG
RPWNMLQKJIKFFER27CA,ドGq,87.44,常カG
RPWOMLQKJIKFFER37CA,ドGq,79.85,常カG
RPWOMLQKJIKFFER37CA,ドGq,.27,常カG
RPWOMLQKJIKFFER37CA,ドGq,14.70,常カG
RPWNMLLJKIKFFER76CA,到sq,115.92,常カG
RPWNMLLJKIKFFER76CA,到sq,3.88,常カG
RPOOMLOLJIKFFER09CA,到sq,115.82,常カG
RPOOMLOLJIKFFER09CA,到sq,4.06,常カG
RPQNMLTKJIKFFER96CA,Hqq,12.17,常カG
RPOPMLMKJIKFFFR98CA,Θ\q,19.03,常カG
RPOPMLMKJIKFFFR98CA,Θ\q,71.82,常カG
RPPPMLMKJIKFFFR09CA,jヒq,4973.00,D常カG@牍A~跋 ; D常カswGAノa
RPPNMLQJKIKFFER56CA,翠lЮq,10.92,D常カGm跋 ; D常カswGA贺乜vノa
RPPNMLQJKIKFFER56CA,翠lЮq,10.92,D常カGm跋 ; D常カswGA贺乜vノa
RPPNMLQJKIKFFER56CA,翠lЮq,5.83,D常カGm跋 ; D常カswGA贺乜vノa
RPPNMLQJKIKFFER56CA,翠lЮq,5.83,D常カGm跋 ; D常カswGA贺乜vノa
RPPNMLQJKIKFFER56CA,翠lЮq,92.50,D常カGm跋 ; D常カswGA贺乜vノa
RPPNMLQJKIKFFER56CA,翠lЮq,92.50,D常カGm跋 ; D常カswGA贺乜vノa
RPPNMLQJKIKFFER56CA,翠lЮq,23.00,D常カGm跋 ; D常カswGA贺乜vノa
RPPNMLQJKIKFFER56CA,翠lЮq,23.00,D常カGm跋 ; D常カswGA贺乜vノa
RPPNMLQJKIKFFER56CA,翠lЮq,105.50,D常カGm跋 ; D常カswGA贺乜vノa
RPPNMLQJKIKFFER56CA,翠lЮq,105.50,D常カGm跋 ; D常カswGA贺乜vノa
RPQNMLQJKIKFFER66CA,翠lЮq,78.50,D常カGm跋 ; D常カswG臾Qノa
RPQNMLQJKIKFFER66CA,翠lЮq,78.50,D常カGm跋 ; D常カswG臾Qノa
RPQNMLRJKIKFFFR86CA,滑vq,51.50,常カG
RPRNMLTJKIKFFFR17CA,kく_q,128.00,常カG
RPPNMLKLJIKFFGR88CA,辨q,101.88,D常カGm跋 ; D常カswGA贺乜vノa
RPPNMLKLJIKFFGR88CA,辨q,1.62,D常カGm跋 ; D常カswGA贺乜vノa
RPPNMLKLJIKFFGR88CA,辨q,20.52,D常カGm跋 ; D常カswGA贺乜vノa
RPPNMLKMJIKFFGR98CA,HЮq,382.17,常カG
RPQNMLOKJIKFFFR56CA,榜lYq,14864.00,D常カG@牍A~跋 ; D常カswGAノa
RPQNMLOKJIKFFFR56CA,榜lYq,4413.00,D常カG@牍A~跋 ; D常カswGAノa
RPWNMLNKJIKFFFR07CA,いsq,107.97,常カG
RPWNMLNKJIKFFFR07CA,いsq,21.90,常カG
RPWNMLNKJIKFFFR07CA,いsq,.07,常カG
RPQNMLNKJIKFFFR09CA,`|lq,1795.00,D常カGm跋 ; D常カswGA贺乜vノa
RPQNMLNKJIKFFFR09CA,`|lq,339.00,D常カGm跋 ; D常カswGA贺乜vノa
RPPNMLRKJIKFFFR76CA,タqq,123.26,常カG
RPRNMLSKJIKFFFR07CA,滑vq,95.00,常カG坝
RPRNMLTKJIKFFFR17CA,X[q,82.74,常カG
RPRNMLTKJIKFFFR17CA,X[q,13.08,常カG
RPRNMLTKJIKFFFR17CA,X[q,3.17,常カG
RPSNMLTKJIKFFFR27CA,X[q,82.74,常カG
RPSNMLTKJIKFFFR27CA,X[q,13.08,常カG
RPSNMLTKJIKFFFR27CA,X[q,3.17,常カG
RPPNMLNJKIKFFFR98CA,M衄q,78.25,常カG
RPPNMLNJKIKFFFR98CA,M衄q,17.84,常カG
RPWNMLKMJIKFFFR96CA,きヒq,581.00,常カGu
RPXPMLOLJIKFFHR77CA,Tr┍q,1425.00,常カGA
RPPNMLLLJIKFFHR09CA,ッHq,24.69,常カG
RPSNMLNKJIKFFHR86CA,ッHq,10.76,常カG
RPSNMLNKJIKFFHR86CA,ッHq,10.76,常カG
RPSNMLNKJIKFFHR86CA,ッHq,.45,常カG
RPSNMLNKJIKFFHR86CA,ッHq,.45,常カG
RPSNMLOKJIKFFHR96CA,Qいq,90.19,常カG
RPRNMLSKJIKFFHR27CA,jWq,97.00,常カG坝
RPRNMLRKJIKFFHR17CA,バq,9.17,常カG
RPRNMLRKJIKFFHR17CA,バq,70.00,常カG
RPOOMLRJKIKFFHR96CA,せヒ郴q,147.00,常カG
RPSNMLRJKIKFFHR27CA,ッMq,19.48,常カG坝
RPTOMLMJKIKFFHR96CA,くRq,3.00,常カG
RPTOMLMJKIKFFHR96CA,くRq,4.76,常カG
RPTOMLMJKIKFFHR96CA,くRq,.75,常カG
RPWNMLMKJIKFFAR56DA,h份q,2958.00,D常カGSwA~跋 ; D常カswGAノa
RPUNMLTKJIKFFCD48DA,QLq,90.00,常カG
RPOOMLMJKIKFFCD27DA,地q,13.80,常カG
RPOOMLMJKIKFFCD27DA,地q,6.03,常カG坝
RPSOMLMKJIKFFCD67DA,戋兰dq,19.94,常カG
RPQNMLNKJIKFFBR78DA,郴キq,29.43,D常カGSwA~跋 ; D常カswGユqノa
RPRNMLNKJIKFFBR88DA,郴キq,29.43,D常カGSwA~跋 ; D常カswGユqノa
RPSNMLKMJIKFFCR98DA,Fàq,106.41,常カG
RPSNMLKMJIKFFCR98DA,Fàq,.42,常カG
RPSNMLKMJIKFFCR98DA,Fàq,22.21,常カG
RPRQMLMKJIKFFBR09DA,s翠Fqs翠Fpq,1928.00,D常カGSwA~跋 ; D常カswGAノa
RPRNMLKKKIKFFFR09DA,suq,6.55,常カG
RPRNMLKKKIKFFFR09DA,suq,148.80,常カG
RPUPMLRKJIKFFER47DA,到鳜q,9.08,常カG坝
RPUOMLNJKIKFFDR86DA,炊蕾q,70.85,常カG
RPQOMLMKJIKFFFR56DA,峋垃q,23.86,常カG
RPSNMLNKJIKFFFR86EA,kく_q,119.00,常カG
RPQNMLRKJIKFFFR07EA,U打q,1129.00,D常カG@牍A~跋 ; D常カswGAノa
RPQNMLTKJIKFFFR27EA,チネq,2.00,常カG
RPQNMLNLJIKFFFR76EA,チネq,47.00,常カG
RPRNMLNLJIKFFFR86EA,チネq,8.00,常カG
RPSNMLNLJIKFFFR96EA,チネq,8.00,常カG
RPTNMLNLJIKFFFR07EA,チネq,5.00,常カG
RPXNMLMKJIKFFBD08EA,ガUq,27.77,常カGA
RPXNMLMKJIKFFBD08EA,ガUq,218.49,常カG
RPXNMLMKJIKFFBD08EA,ガUq,222.86,常カG
RPXNMLMKJIKFFBD08EA,ガUq,3.59,常カG
RPQNMLQKJIKFFFR86DA,Kヒq,11.50,D常カGSwA~跋 ; D常カswGヒ贺乜vノa
RPQNMLQKJIKFFFR86DA,Kヒq,79.00,D常カGSwA~跋 ; D常カswGヒ贺乜vノa
RPSNMLTKJIKFFHR57DA,郴匪q,12.79,常カGu
RPSNMLTKJIKFFHR57DA,郴匪q,11.59,常カGu
RPSNMLTKJIKFFHR57DA,郴匪q,53.52,常カGu
RPSNMLTKJIKFFHR57DA,郴匪q,409.77,常カGu
RPSNMLTKJIKFFHR57DA,郴匪q,405.49,常カGu
RPPNMLQKJIKFFCD67DA,くMq,10.53,常カG
RPPNMLQKJIKFFCD67DA,くMq,.07,常カG
RPPNMLQKJIKFFCD67DA,くMq,.25,常カG
RPPNMLQKJIKFFAR88DA,fl憩q,2111.00,D常カGSwA~跋 ; D常カswGAノa
RPRNMLQKJIKFFAR09DA,s犁q,29.75,常カG
RPPNMLRKJIKFFAR98DA,pJLq,3581.00,D常カGSwA~跋 ; D常カswGAノa
RPQNMLRKJIKFFAR09DA,jJLq,2573.00,D常カGSwA~跋 ; D常カswGAノa
RPRNMLRKJIKFFAR56DA,─ずqM舸浃pq,1026.00,D常カG@牍A~跋 ; D常カswGAノa
RPQNMLTJKIKFFHR27CA,jWq,24.90,常カG
RPUOMLRKJIKFFAD18DA,郴q,62.78,常カG
RPOOMLKLJIKFFAD96DA,_地q,1.63,常カGㄤL
RPTNMLRKJIKFFHR37CA,バq,9.17,常カG
RPTNMLRKJIKFFHR37CA,バq,74.00,常カG
RPUNMLRKJIKFFHR47CA,バq,9.17,常カG
RPUNMLRKJIKFFHR47CA,バq,74.00,常カG
RPROMLRKJIKFFHR27CA,s兼q,215.46,常カG
RPSOMLRKJIKFFHR37CA,せXq,.88,常カG
RPSOMLRKJIKFFHR37CA,せXq,20.05,常カG
RPQNMLRKJIKFFHR07CA,バq,9.17,常カG
RPQNMLRKJIKFFHR07CA,バq,71.00,常カG
RPXNMLQKJIKFFHR67CA,nWq,79.30,常カG
RPSNMLLLJIKFFHR76CA,QFq,3.89,常カG
RPROMLOLJIKFFHR07CA,_Wq,118.51,常カG
RPSOMLOLJIKFFHR17CA,_Wq,6.61,常カG
RPSOMLOLJIKFFHR17CA,_Wq,93.27,常カG
RPTOMLOLJIKFFHR27CA,_Wq,91.39,常カG
RPUOMLOLJIKFFHR37CA,_Wq,109.40,常カG
RPVOMLOLJIKFFHR47CA,_Wq,109.83,常カG
RPWOMLOLJIKFFHR57CA,_Wq,112.66,常カG
RPOPMLOLJIKFFHR86CA,_Wq,13.21,常カG
RPOPMLOLJIKFFHR86CA,_Wq,106.40,常カG
RPQOMLKMJIKFFHR66CA,讣阚兼q,16.92,常カG
RPVNMLNLJIKFFHR27CA,せヒ郴q,5.79,常カG
RPXNMLPLJIKFFHR67CA,_Wq,108.33,常カG
RPOOMLPLJIKFFHR86CA,_Wq,107.90,常カG
RPPOMLPLJIKFFHR96CA,_Wq,122.79,常カG
RPQOMLPLJIKFFHR07CA,_Wq,106.40,常カG
RPUOMLPLJIKFFHR47CA,_Wq,79.76,常カG
RPUOMLPLJIKFFHR47CA,_Wq,7.54,常カG
RPPNMLSLJIKFFFR96CA,いMq,87.59,常カG
RPPNMLSLJIKFFFR96CA,いMq,8.41,常カG
RPPNMLSLJIKFFFR96CA,いMq,.29,常カG
RPPNMLSLJIKFFFR96CA,いMq,3.28,常カGA
RPPNMLSLJIKFFFR96CA,いMq,4.51,常カG
RPTOMLOLJIKFFFR07CA,胺dq,7.34,常カG
RPTOMLOLJIKFFFR07CA,胺dq,81.51,常カG
RPTOMLOLJIKFFFR07CA,胺dq,7.35,常カG
RPTOMLOLJIKFFFR07CA,胺dq,7.33,常カG
RPSNMLQKJIKFFFR96CA,榜lYq,312.00,D常カGm跋 ; D常カswGA贺乜vノa
RPROMLKLJIKFFFR09CA,G娆q,78.15,常カG
RPROMLKLJIKFFFR09CA,G娆q,33.78,常カG
RPUNMLTKJIKFFFR47CA,X[q,88.65,常カG
RPUNMLTKJIKFFFR47CA,X[q,13.08,常カG
RPUNMLTKJIKFFFR47CA,X[q,3.17,常カG
RPRNMLRKJIKFFFR96CA,suq,14.07,常カG
RPPNMLQKJIKFFGR76CA,F墩q,111.15,常カG坝
RPQNMLQKJIKFFGR86CA,罚いq,162.50,常カG
RPPOMLRJKIKFFER76CA,jaq,308.81,常カG
RPPOMLRJKIKFFER76CA,jaq,49.48,常カG
RPPOMLRJKIKFFER76CA,jaq,20.64,常カG
RPPOMLRJKIKFFER76CA,jaq,56.69,常カGㄤL
RPPOMLRJKIKFFER76CA,jaq,131.86,常カG
RPPNMLLLJIKFFER78CA,J砑dq,50.40,D常カGm跋 ; D常カswGA贺乜vノa
RPPOMLQLJIKFFER76CA,s伦q,.74,常カG
RPPOMLQLJIKFFER76CA,s伦q,7.71,常カG
RPOPMLQKJIKFFER66CA,ドGq,81.27,常カG
RPOPMLQKJIKFFER66CA,ドGq,.27,常カG
RPOPMLQKJIKFFER66CA,ドGq,14.70,常カG
RPUOMLQKJIKFFER17CA,ドGq,81.27,常カG
RPUOMLQKJIKFFER17CA,ドGq,.26,常カG
RPUOMLQKJIKFFER17CA,ドGq,12.60,常カG
RPOOMLQKJIKFFER56CA,ドGq,89.57,常カG
RPRPMLRKJIKFFER07CA,到sq,168.75,常カG
RPRPMLRKJIKFFER07CA,到sq,.07,常カG
RPRPMLRKJIKFFER07CA,到sq,.07,常カG
RPRPMLRKJIKFFER07CA,到sq,18.74,常カG
RPRPMLRKJIKFFER07CA,到sq,.14,常カG
RPRPMLRKJIKFFER07CA,到sq,.06,常カG
RPQNMLQKJIKFFER66CA,nq,2698.53,D常カGu~跋 ; D常カswGAノa
RPPOMLQLJIKFFDR66CA,O蕾q,142.42,常カG
RPRPMLNJKIKFFDR56CA,|到q,120.54,常カG
RPSPMLNJKIKFFDR66CA,|到q,151.74,常カG
RPTPMLNJKIKFFDR76CA,|到q,143.31,常カG
RPWNMLPLJIKFFDR17CA,犁郴q,56.29,D常カGSwA~跋 ; D常カswGAノa
RPWNMLPLJIKFFDR17CA,犁郴q,128.00,D常カGSwA~跋 ; D常カswGヒ贺乜vノa
RPWNMLPLJIKFFDR17CA,犁郴q,23.33,D常カGSwA~跋 ; D常カswGヒ贺乜vノa
RPXNMLPLJIKFFDR27CA,ゅてq,22.99,D常カGm跋 ; D常カswGA贺乜vノa
RPUNMLOLJIKFFDR86CA,F锭q,1198.59,常カG
RPUNMLOLJIKFFDR86CA,F锭q,.10,常カGㄤL
RPXNMLOLJIKFFDR17CA,厩ヒq,188.89,D常カGm跋 ; D常カswGA贺乜vノa
RPXNMLOLJIKFFDR17CA,厩ヒq,18.89,D常カGm跋 ; D常カswGA贺乜vノa
RPXNMLOLJIKFFDR17CA,厩ヒq,3.02,D常カGm跋 ; D常カswGA贺乜vノa
RPXNMLOLJIKFFDR17CA,厩ヒq,209.29,D常カGm跋 ; D常カswGA贺乜vノa
RPXNMLOLJIKFFDR17CA,厩ヒq,37.78,D常カGm跋 ; D常カswGA贺乜vノa
RPXNMLOLJIKFFDR17CA,厩ヒq,298.92,D常カG@牍A~跋 ; D常カswGAノa
RPXNMLOLJIKFFDR17CA,厩ヒq,41.93,D常カGet跋 ; D常カswGAノa
RPXNMLOLJIKFFDR17CA,厩ヒq,29.66,D常カG@牍A~跋 ; D常カswG臾Qノa
RPXNMLOLJIKFFDR17CA,厩ヒq,23.23,D常カG@牍A~跋 ; D常カswG臾Qノa
RPXNMLOLJIKFFDR17CA,厩ヒq,12.09,D常カG@牍A~跋 ; D常カswG臾Qノa
RPXNMLOLJIKFFDR17CA,厩ヒq,101.42,D常カG@牍A~跋 ; D常カswGAノa
RPQNMLSKJIKFFDR76CA,崂绗q,3104.00,D常カGSwA~跋 ; D常カswGAノa
RPQNMLQKJIKFFCR09CA,チvq,12.07,常カG
RPQNMLQKJIKFFCR09CA,チvq,53.20,常カG
RPTNMLNLJIKFFAR98CA,绰^q,2.54,常カG坝
RPXNMLKLJIKFFAR09CA,G驾岈q,4.00,D常カGm跋 ; D常カswG臾Qノa
RPXNMLKLJIKFFAR09CA,G驾岈q,4.00,D常カGm跋 ; D常カswG臾Qノa
RPXNMLKLJIKFFAR09CA,G驾岈q,3.50,D常カGm跋 ; D常カswG臾Qノa
RPRNMLQKJIKFFBR09CA,Oネq,170.26,D常カGm跋 ; D常カswGA贺乜vノa
RPRNMLQKJIKFFBR09CA,Oネq,323.04,D常カGm跋 ; D常カswGA贺乜vノa
RPRNMLRKJIKFFBR56CA,wq,2396.00,D常カGSwA~跋 ; D常カswGAノa
RPRNMLRKJIKFFBR56CA,wq,2178.00,D常カGSwA~跋 ; D常カswGAノa
RPVNMLSJKIKFFAR96CA,┑キq,91.35,常カG坝
RPSOMLTKJIKFFAR86CA,s犁q,7.00,常カG
RPSOMLTKJIKFFAR86CA,s犁q,159.00,常カG
RPTOMLTKJIKFFAR96CA,s犁q,159.00,常カG
RPTOMLTKJIKFFAR96CA,s犁q,146.00,常カG
RPTOMLTKJIKFFAR96CA,s犁q,14.00,常カG
RPPOMLKKKIKFFCD17CA,jsq,92.84,常カG
RPVNMLOJKIKFFCD97CA,s砍q,5.44,常カG
RPOOMLRLJIKFFCD77CA,QLq,20.43,常カG
RPOOMLRLJIKFFCD77CA,QLq,71.00,常カG
RPVNMLSKJIKFFCD38CA,くMq,20.84,常カG
RPVNMLSKJIKFFCD38CA,くMq,.04,常カGㄤL
RPTNMLRKJIKFFCD08CA,砍q,376.59,常カGA
RPOOMLTJKIKFFBD77CA,{_q,6.00,常カG
RPOOMLTJKIKFFBD77CA,{_q,164.00,常カG
RPOOMLTJKIKFFBD77CA,{_q,25.00,常カG
RPUOMLTJKIKFFBD38CA,w璎q,18.03,常カG
RPUOMLTJKIKFFBD38CA,w璎q,73.98,常カG
RPVOMLTJKIKFFBD48CA,w璎q,18.04,常カG
RPVOMLTJKIKFFBD48CA,w璎q,74.02,常カG
RPPNMLOKKIKFFBD37CA,璎q,3.80,常カG
RPSOMLQLJIKFFBD97CA,n砍q,86.43,常カG
RPSOMLQLJIKFFBD97CA,n砍q,15.41,常カG
RPQNMLNLJIKFFBD37CA,n砍q,77.26,常カG
RPQNMLNLJIKFFBD37CA,n砍q,15.41,常カG
RPWNMLOLJIKFFBD08CA,W璎q,117.19,常カG
RPTNMLKLJIKFFBD37CA,n砍q,107.09,常カG
RPTNMLKLJIKFFBD37CA,n砍q,15.41,常カG
RPUNMLKLJIKFFBD47CA,n砍q,105.60,常カG
RPUNMLKLJIKFFBD47CA,n砍q,15.41,常カG
RPSOMLRKJIKFFBD97CA,_q,69.22,常カG
RPTOMLRKJIKFFBD08CA,璎q,2.13,常カG
RPVOMLRKJIKFFBD28CA,璎q,.61,常カG
RPOOMLRKJIKFFBD57CA,MΘq,85.31,常カG
RPQOMLKMJIKFFAD17CA,鞯噩q,28.76,常カG
RPPNMLLJKIKFFAD86CA,_じq,75.97,常カG
RPPNMLLJKIKFFAD86CA,_じq,4.50,常カG
RPROMLRLJIKFFAD87CA,snq,112.00,常カG坝
RPQNMLQJKIKFFAD47CA,Owq,2.00,常カG坝
RPUOMLSJKIKFFAD18CA,フ鳜q,5.38,常カG坝
RPUOMLSJKIKFFAD18CA,フ鳜q,79.89,常カG坝
RPSNMLOKKIKFFAD57CA,}じq,3.19,常カG坝
RPSNMLMLJIKFFAD37CA,Owq,34.00,常カG坝
RPRNMLNLJIKFFAD37CA,褐wq,28.71,常カG坝
RPRNMLNLJIKFFAD37CA,褐wq,49.50,常カG坝
RPRNMLNLJIKFFAD37CA,褐wq,221.63,常カG坝
RPRNMLNLJIKFFAD37CA,褐wq,78.70,常カG坝
RPXNMLKLJIKFFAD67CA,n圭q,30.79,常カG
RPSNMLSKJIKFFAD87CA,sq,3.35,常カG坝
RPSNMLSKJIKFFAD87CA,sq,9.25,常カG坝
RPQNMLTKJIKFFAD77CA,ミHq,24.63,常カG
RPUNMLTKJIKFFAD18CA,snq,90.00,常カG
RPUNMLRKJIKFFAD97CA,砍q,96.00,常カG
RPUNMLRKJIKFFAD97CA,砍q,97.00,常カG
RPTOMLRKJIKFFAD97CA,[惮q,4.95,常カG坝
